status,file
FLOW,050722_ALL_Updated2_Upper.rpt
FLOW,06-1796J.rpt
FLOW,1135fu.rpt
FLOW,1year.rpt
FLOW,416.rpt
FLOW,420LP.rpt
FLOW,422X1.rpt
FLOW,422x.rpt
FLOW,9d15shorttnl2.rpt
FLOW,A-T.rpt
FLOW,ALL9BOB.rpt
FLOW,ALLEN9BO.rpt
FLOW,ALLEN9M.rpt
FLOW,ALVSEW1.rpt
FLOW,ALVSEWER.rpt
FLOW,Allen9a.rpt
FLOW,BASE25YR.rpt
FLOW,BASEALL2.rpt
FLOW,BASIC3.rpt
FLOW,BASIC4.rpt
FLOW,BDARDEN.rpt
FLOW,BDRY1.rpt
FLOW,BENDDOWN.rpt
FLOW,BENDWEIR.rpt
FLOW,BINHONG.rpt
FLOW,BIRMHM3.rpt
FLOW,BRIDGE.rpt
FLOW,BRIDGE1.rpt
FLOW,BTEMP.rpt
FLOW,Base(2).rpt
FLOW,Base.rpt
FLOW,CALIBR.rpt
FLOW,CDMEXIST.rpt
FLOW,CE.rpt
FLOW,CO.rpt
FLOW,COMBER1.rpt
FLOW,COMBER2.rpt
FLOW,CRW-JL80.rpt
FLOW,CRW-JL81.rpt
FLOW,CRWSMAL1.rpt
FLOW,CRWSMALL.rpt
FLOW,CS5YR01.rpt
FLOW,CWEST5B.rpt
FLOW,Cso37cal.rpt
FLOW,Cw2bb.rpt
FLOW,DATA14.rpt
FLOW,DL14.rpt
FLOW,DRY.rpt
FLOW,Design.rpt
FLOW,Design1.rpt
FLOW,Design2.rpt
FLOW,Design3.rpt
FLOW,Design4.rpt
FLOW,Detentionpond.rpt
FLOW,E-TYPD.rpt
FLOW,E-TYPD_v5.1.rpt
FLOW,EASTMODE.rpt
FLOW,EXAM2.rpt
FLOW,EXAM2A.rpt
FLOW,EXAM2AA.rpt
FLOW,EXEVAP.rpt
FLOW,EXIST2.rpt
FLOW,EXQUAL2.rpt
FLOW,EXTRAN2.rpt
FLOW,EXWORK1C.rpt
FLOW,EXWORK1D.rpt
FLOW,EXWORK1E.rpt
FLOW,EXWORK1F.rpt
FLOW,FIRST.rpt
FLOW,FLOOD.rpt
FLOW,FLTEST.rpt
FLOW,FORCE.rpt
FLOW,FORCE1.rpt
FLOW,FORCE1_v1.44.rpt
FLOW,FORCE2.rpt
FLOW,FORCE2_v1.44.rpt
FLOW,FT2.rpt
FLOW,FT3.rpt
FLOW,FUNCTION.rpt
FLOW,FW927TST.rpt
FLOW,FW927TST_v2.23.rpt
FLOW,FutureBase.xp.rpt
FLOW,FutureBase.xp_v16.rpt
FLOW,GAUGED.rpt
FLOW,GOOD3M.rpt
FLOW,GOOD3M_v7.5.rpt
FLOW,GOOD3Ma.rpt
FLOW,GR528.rpt
FLOW,GREENE.rpt
FLOW,HDREVAP.rpt
FLOW,HEC2.rpt
FLOW,HEC2EX1.rpt
FLOW,HM06H10E.rpt
FLOW,HM06H10E_v2.04.rpt
FLOW,HOSMER1.rpt
FLOW,HOSTST.rpt
FLOW,HOT3.rpt
FLOW,HOTONE.rpt
FLOW,HOTTHREE.rpt
FLOW,HOTTWO.rpt
FLOW,HOU.rpt
FLOW,HPEVNT01.rpt
FLOW,HSD.rpt
FLOW,HSD4.rpt
FLOW,HYD1H-3A.rpt
FLOW,JFC1N.rpt
FLOW,JUSTTEST.rpt
FLOW,KAILUA.rpt
FLOW,LAIE.rpt
FLOW,LEAH1.rpt
FLOW,LEAH2.rpt
FLOW,MAC.rpt
FLOW,MAULEO.rpt
FLOW,MING.rpt
FLOW,MING_v1.44.rpt
FLOW,MOD31.rpt
FLOW,MULPUMP.rpt
FLOW,MWWSSB.rpt
FLOW,My_San_1.rpt
FLOW,N-2TEST.rpt
FLOW,NC1.rpt
FLOW,NE.rpt
FLOW,NEWPOLLY.rpt
FLOW,NORTH.rpt
FLOW,NORTH32.rpt
FLOW,NORTH35.rpt
FLOW,NRH_TRY.rpt
FLOW,Ncb-m1a1.rpt
FLOW,Neworifice2.rpt
FLOW,North1.rpt
FLOW,Nrh_try7.rpt
FLOW,ORIFICE2.rpt
FLOW,PETERKO.rpt
FLOW,PLYDRY.rpt
FLOW,PLYWET2.rpt
FLOW,PLYWET2_v1.13506e-305.rpt
FLOW,PLYWET2_v1.13506e-305_v1.41505e-305.rpt
FLOW,PROJALL2.rpt
FLOW,PROJALL6.rpt
FLOW,PUMPDEEP.rpt
FLOW,PUMPVH.rpt
FLOW,PUMPWELL.rpt
FLOW,Projtest.rpt
FLOW,Pumpprob.rpt
FLOW,RAW1.rpt
FLOW,RAW1A.rpt
FLOW,RAW1B.rpt
FLOW,RAW1SM.rpt
FLOW,RAW2.rpt
FLOW,RAW2BOB.rpt
FLOW,RAW3.rpt
FLOW,RAW3A.rpt
FLOW,REG23_1Y.rpt
FLOW,REG8A.rpt
FLOW,RIALTO.rpt
FLOW,RIALTO1.rpt
FLOW,RIALTO2.rpt
FLOW,ROUTE.rpt
FLOW,RTCdia.rpt
FLOW,RTCpump.rpt
FLOW,RUDSYP1.rpt
FLOW,RUDSYP1_v2.23.rpt
FLOW,Rec_Plan.xp.rpt
FLOW,SB-DAM25.rpt
FLOW,SIMPLE.rpt
FLOW,SM2.rpt
FLOW,SM3.rpt
FLOW,SMR1A.rpt
FLOW,SSO_SMPL.rpt
FLOW,STEADY.rpt
FLOW,STRICT.rpt
FLOW,SW28I12.rpt
FLOW,SWANWET2.rpt
FLOW,SWANWET2_v2.2.rpt
FLOW,SYSTEM.rpt
FLOW,SYSTEM06.rpt
FLOW,SYSTEM_v5.1.rpt
FLOW,Session8_Yarra8.rpt
FLOW,Sm22.rpt
FLOW,Sm4.rpt
FLOW,Sprenger.rpt
FLOW,T10VALVE.rpt
FLOW,T11VALVE.rpt
FLOW,T1204_24.rpt
FLOW,T12VALVE.rpt
FLOW,T13VALVE.rpt
FLOW,T14VALVE.rpt
FLOW,T15VALVE.rpt
FLOW,T1VALVE.rpt
FLOW,T5VALVE.rpt
FLOW,TAK.rpt
FLOW,TAMPA.rpt
FLOW,TEST1-44.rpt
FLOW,TNL03C.rpt
FLOW,TOT14.rpt
FLOW,TREAT1.rpt
FLOW,TREVOR.rpt
FLOW,TSE3.rpt
FLOW,TSE33.rpt
FLOW,TSE3_v1.01.rpt
FLOW,TestVar.rpt
FLOW,TestVar3.rpt
FLOW,Trevor1.rpt
FLOW,UMACORR.rpt
FLOW,UOFL.rpt
FLOW,UPDATED.rpt
FLOW,UpperModel 100yr 10day.rpt
FLOW,VALVE2.rpt
FLOW,VALVE2A.rpt
FLOW,VALVE3.rpt
FLOW,VALVE3A.rpt
FLOW,VALVE5.rpt
FLOW,VALVE5A.rpt
FLOW,VQFEB95.rpt
FLOW,WC.rpt
FLOW,WEIR1.rpt
FLOW,WINDBACK.rpt
FLOW,WINDSOR.rpt
FLOW,WINDSOR1.rpt
FLOW,WQTESTA.rpt
FLOW,Wtp0008.rpt
FLOW,XC12_11.rpt
FLOW,XCG.rpt
FLOW,XPTEST.rpt
FLOW,XPTEST1.rpt
FLOW,alcosan1.rpt
FLOW,alcosan1_v10.rpt
FLOW,avgpond.rpt
FLOW,base_weirs-1yr-x.rpt
FLOW,basic3a.rpt
FLOW,chekorif.rpt
FLOW,e91599r.rpt
FLOW,escs3.rpt
FLOW,flume.rpt
FLOW,french drain1.rpt
FLOW,mod62.rpt
FLOW,mod62_v6.rpt
FLOW,mod63.rpt
FLOW,mod63_v5.3.rpt
FLOW,mod67.rpt
FLOW,mod67A.rpt
FLOW,mod67B.rpt
FLOW,mod67C.rpt
FLOW,mod67_v6.rpt
FLOW,mod93.rpt
FLOW,orfsmall.rpt
FLOW,orfsmall_v5.3.rpt
FLOW,pmpwell.rpt
FLOW,pumpbyq.rpt
FLOW,remote_depth_controlled_pump.rpt
FLOW,remote_depth_controlled_pump_v14.1.rpt
FLOW,saline.rpt
FLOW,salmon_restoration.rpt
FLOW,shktest.rpt
FLOW,strict1.rpt
FLOW,t1new.rpt
FLOW,t1old.rpt
FLOW,troyer.rpt
FLOW,tstmgd.rpt
FLOW,tunnel-1yr.rpt
FLOW,varver1.rpt
FLOW,whole_model.rpt
NOFLOW,01WET.rpt
NOFLOW,0308.rpt
NOFLOW,031000.rpt
NOFLOW,031000_v6.rpt
NOFLOW,0619.rpt
NOFLOW,072798.rpt
NOFLOW,10-exist1.rpt
NOFLOW,100-12.rpt
NOFLOW,100-12I.rpt
NOFLOW,100-12r.rpt
NOFLOW,100Y.rpt
NOFLOW,100YR.rpt
NOFLOW,100_minn_low_lev10rev.rpt
NOFLOW,100y8h.rpt
NOFLOW,100yr24hr_prop.rpt
NOFLOW,100yrhec1.rpt
NOFLOW,100yrpphec1.rpt
NOFLOW,100yrpphec1_test1.rpt
NOFLOW,1019.rpt
NOFLOW,1019A.rpt
NOFLOW,1019taa re5yr cselrev.rpt
NOFLOW,10POLUTE.rpt
NOFLOW,10WS_1DS.rpt
NOFLOW,10YR.rpt
NOFLOW,10YR1314.rpt
NOFLOW,10YR15.rpt
NOFLOW,10YRTUNL.rpt
NOFLOW,11-09NL.rpt
NOFLOW,11411-1.rpt
NOFLOW,11411-1A.rpt
NOFLOW,11411-2.rpt
NOFLOW,1226.rpt
NOFLOW,1226_v2.04.rpt
NOFLOW,1D Model.rpt
NOFLOW,1D-2D_River_starter.rpt
NOFLOW,1D-2D_Urban_Flood_Pond_m.rpt
NOFLOW,1D-2D_Urban_Flood_buildings_m.rpt
NOFLOW,1D-2D_Urban_Flood_m.rpt
NOFLOW,1D-2D_Urban_Rain_Grid_m.rpt
NOFLOW,1D2D_Urban_completed.rpt
NOFLOW,1D2D_Urban_completed_buildings.rpt
NOFLOW,1D2D_Urban_completed_buildings_Pond_mitigation.rpt
NOFLOW,1D2D_Urban_starter_model.rpt
NOFLOW,1N40.rpt
NOFLOW,1NS-HCAICE.rpt
NOFLOW,1NwNPS2100yr.rpt
NOFLOW,1SedimentPond.rpt
NOFLOW,2-hyd-1.rpt
NOFLOW,2-hyd-2.rpt
NOFLOW,2-st-1.rpt
NOFLOW,2-st-2.rpt
NOFLOW,23307100.rpt
NOFLOW,25PSTDV11.rpt
NOFLOW,25PSTDV12.rpt
NOFLOW,25yrpphec1_test1.rpt
NOFLOW,29STREET.rpt
NOFLOW,29STREET_v1.01.rpt
NOFLOW,29STREET_v1.01_v1.01.rpt
NOFLOW,2E-v1.rpt
NOFLOW,2OWSH2.rpt
NOFLOW,3YEAR.rpt
NOFLOW,414.rpt
NOFLOW,414BOB.rpt
NOFLOW,414FF.rpt
NOFLOW,414S.rpt
NOFLOW,414a.rpt
NOFLOW,414b.rpt
NOFLOW,414c.rpt
NOFLOW,414ss.rpt
NOFLOW,418T2D1.rpt
NOFLOW,422T2D1.rpt
NOFLOW,428T2D1.rpt
NOFLOW,4A.rpt
NOFLOW,50yrpphec1_test1.rpt
NOFLOW,58301.rpt
NOFLOW,583011.rpt
NOFLOW,583012.rpt
NOFLOW,583013.rpt
NOFLOW,59th_100i.rpt
NOFLOW,59th_10e.rpt
NOFLOW,59th_10i.rpt
NOFLOW,5N20.rpt
NOFLOW,5N20_v1.01.rpt
NOFLOW,6MO-WWF.rpt
NOFLOW,6_FARM.rpt
NOFLOW,721IP.rpt
NOFLOW,77DENISC.rpt
NOFLOW,77SPMAPR.rpt
NOFLOW,77denisD.rpt
NOFLOW,77denisa.rpt
NOFLOW,7WST1.rpt
NOFLOW,8_link.rpt
NOFLOW,97SEP.rpt
NOFLOW,98058hec1.rpt
NOFLOW,98058pr1-nn.rpt
NOFLOW,A-d-Pa.rpt
NOFLOW,AB.rpt
NOFLOW,ADSENV.rpt
NOFLOW,AGANDE.rpt
NOFLOW,ALEN10A5.rpt
NOFLOW,ALEN10A7.rpt
NOFLOW,ALENNEW1.rpt
NOFLOW,ALENSMLL.rpt
NOFLOW,ALL3LAY.rpt
NOFLOW,ALL3LAYERS.rpt
NOFLOW,ALL3MET.rpt
NOFLOW,ALLAN.rpt
NOFLOW,ALLEN.rpt
NOFLOW,ALLEN1.rpt
NOFLOW,ALLENS.rpt
NOFLOW,ALLORF.rpt
NOFLOW,ALLRUN.rpt
NOFLOW,ALLTUT6.rpt
NOFLOW,ALLTUT6A.rpt
NOFLOW,ALLTUT7.rpt
NOFLOW,ALLTUT7A.rpt
NOFLOW,ALLTUT8.rpt
NOFLOW,ALLTUT81.rpt
NOFLOW,ALLTUT82.rpt
NOFLOW,ALLTUT83.rpt
NOFLOW,ALLTUT84.rpt
NOFLOW,ALLTUT85.rpt
NOFLOW,ALLTUT86.rpt
NOFLOW,ALLTUT87.rpt
NOFLOW,ALLTUT88.rpt
NOFLOW,ALLTUT89.rpt
NOFLOW,ALLTUT8A.rpt
NOFLOW,ALLTUT8B.rpt
NOFLOW,ALLTUT8C.rpt
NOFLOW,ALLWEIR.rpt
NOFLOW,ALT1.rpt
NOFLOW,ALT2.rpt
NOFLOW,ALT3.rpt
NOFLOW,ALVISO.rpt
NOFLOW,ANGELOS.rpt
NOFLOW,AREA91.rpt
NOFLOW,ARTE.rpt
NOFLOW,ARTEST2.rpt
NOFLOW,ATTEN.rpt
NOFLOW,ATTENA.rpt
NOFLOW,ATTENA1.rpt
NOFLOW,ATTENT.rpt
NOFLOW,AUG5TO8.rpt
NOFLOW,A_layoutdemo.rpt
NOFLOW,A_layoutdemo_v18.1.rpt
NOFLOW,Alt1asa.rpt
NOFLOW,Alt2a.rpt
NOFLOW,B15CWRD.rpt
NOFLOW,B1F-D-PA.rpt
NOFLOW,BACKT.rpt
NOFLOW,BASIC1.rpt
NOFLOW,BASIC2.rpt
NOFLOW,BASICWQ5.rpt
NOFLOW,BASIN.rpt
NOFLOW,BASIN6.rpt
NOFLOW,BASKET.rpt
NOFLOW,BAYOUC.rpt
NOFLOW,BB1.rpt
NOFLOW,BCUPPER.rpt
NOFLOW,BENDING.rpt
NOFLOW,BETARE.rpt
NOFLOW,BETARTE.rpt
NOFLOW,BIGDROP1.rpt
NOFLOW,BIGHYD.rpt
NOFLOW,BIGTEST.rpt
NOFLOW,BIGTEST1.rpt
NOFLOW,BLAKE.rpt
NOFLOW,BMP1.rpt
NOFLOW,BMP11.rpt
NOFLOW,BMP2.rpt
NOFLOW,BMP3.rpt
NOFLOW,BOB.rpt
NOFLOW,BOBSCS.rpt
NOFLOW,BOXP2.rpt
NOFLOW,BOXP2_v2.2.rpt
NOFLOW,BROWNEW1.rpt
NOFLOW,BROWNEW2.rpt
NOFLOW,BRYAN.rpt
NOFLOW,BUG1.rpt
NOFLOW,BYE.rpt
NOFLOW,Bendable.rpt
NOFLOW,C-1-100Y-1175_ST10_D_cdm.rpt
NOFLOW,C-1-100Y-1175_ST10_F_D_cdm.rpt
NOFLOW,C-1-75-SYNTH_B_newcdm.rpt
NOFLOW,C-1-75-SYNTH_F_B_newcdm_newcdm_cdm.rpt
NOFLOW,C-102-6-.rpt
NOFLOW,C-102C0N.rpt
NOFLOW,C102-100Y_1400m_F_2_cdm.rpt
NOFLOW,C102-100y-2.rpt
NOFLOW,C102_75_SYNTH-2_cdm.rpt
NOFLOW,C102_75_SYNTH_F_2_cdm.rpt
NOFLOW,C103-FC-.rpt
NOFLOW,C103-FC-NC_100Y_1279m_cdm.rpt
NOFLOW,C103_100Y_72H_cdm.rpt
NOFLOW,C103_FC_NC_75_SYNTH_F_cdm.rpt
NOFLOW,C103_FC_NC_75_SYNTH_cdm.rpt
NOFLOW,C240004.rpt
NOFLOW,C240004X.rpt
NOFLOW,C240004Y.rpt
NOFLOW,C24BOB1.rpt
NOFLOW,C24BOB2.rpt
NOFLOW,C24BOBNO.rpt
NOFLOW,C24BOBS1.rpt
NOFLOW,C24BOBS2.rpt
NOFLOW,C24BOBSI.rpt
NOFLOW,C24BOBTR.rpt
NOFLOW,C24BOBX.rpt
NOFLOW,C24bob.rpt
NOFLOW,C24boby.rpt
NOFLOW,C7-100_2.rpt
NOFLOW,C7_WQ.rpt
NOFLOW,C7_WQ1.rpt
NOFLOW,C7_WQ2.rpt
NOFLOW,C7_WQ3.rpt
NOFLOW,C7_WQA.rpt
NOFLOW,C7_wqa1.rpt
NOFLOW,C8FREE.rpt
NOFLOW,C8SMALL.rpt
NOFLOW,C8_100.rpt
NOFLOW,C8_100A.rpt
NOFLOW,C8_100B.rpt
NOFLOW,C8_TEST.rpt
NOFLOW,C9-W2.rpt
NOFLOW,CALDUM.rpt
NOFLOW,CALIB.rpt
NOFLOW,CALIBRAT.rpt
NOFLOW,CALTEX.rpt
NOFLOW,CALWQ.rpt
NOFLOW,CAPITAL.rpt
NOFLOW,CAP_42.rpt
NOFLOW,CAP_NOGG.rpt
NOFLOW,CASE10.rpt
NOFLOW,CAV2.rpt
NOFLOW,CDDRAI~1.rpt
NOFLOW,CEI3Y.rpt
NOFLOW,CFBBASE.rpt
NOFLOW,CFC5.rpt
NOFLOW,CHAN-ST1.rpt
NOFLOW,CHAP10A.rpt
NOFLOW,CHAP10B.rpt
NOFLOW,CHAP10D.rpt
NOFLOW,CHAP10E.rpt
NOFLOW,CHAP10F.rpt
NOFLOW,CHECK.rpt
NOFLOW,CHECK1.rpt
NOFLOW,CHECK1A.rpt
NOFLOW,CHECK1B.rpt
NOFLOW,CHECK1C.rpt
NOFLOW,CHILE.rpt
NOFLOW,CHILE1.rpt
NOFLOW,CHOO1.rpt
NOFLOW,CHOO2.rpt
NOFLOW,CHRIS.rpt
NOFLOW,CHRIS1.rpt
NOFLOW,CHUTE.rpt
NOFLOW,CHUTEA.rpt
NOFLOW,CHUTEN.rpt
NOFLOW,CID1.rpt
NOFLOW,CLAY.rpt
NOFLOW,CM4.rpt
NOFLOW,CMD-ANL1.rpt
NOFLOW,CMD-ANL1_v5.5.rpt
NOFLOW,CNTNTY.rpt
NOFLOW,COCO.rpt
NOFLOW,COCOMAR.rpt
NOFLOW,COCONEW.rpt
NOFLOW,COCORNF.rpt
NOFLOW,COHSML.rpt
NOFLOW,COLLEGE.rpt
NOFLOW,COLLEGE6.rpt
NOFLOW,COLONIAL.rpt
NOFLOW,COMB.rpt
NOFLOW,COMBER3.rpt
NOFLOW,COMBO.rpt
NOFLOW,COMBTST.rpt
NOFLOW,CONFUS.rpt
NOFLOW,CONTRUN.rpt
NOFLOW,COOK-XPH.rpt
NOFLOW,CORP.rpt
NOFLOW,CORP2.rpt
NOFLOW,COWRA2.rpt
NOFLOW,COWRA5.rpt
NOFLOW,COWRA51.rpt
NOFLOW,COWRABD.rpt
NOFLOW,CPTR54.rpt
NOFLOW,CSO015.rpt
NOFLOW,CSO13A14.rpt
NOFLOW,CSO_SMPL.rpt
NOFLOW,CSUL00SN.rpt
NOFLOW,CSUL00SN_v2.04.rpt
NOFLOW,CT.rpt
NOFLOW,CTIA_EXI.rpt
NOFLOW,CULCOV.rpt
NOFLOW,CULV1.rpt
NOFLOW,CULV2.rpt
NOFLOW,CULVERT.rpt
NOFLOW,CVOCSO.rpt
NOFLOW,CVOMOD1.rpt
NOFLOW,CVOMODEL.rpt
NOFLOW,CVOR.rpt
NOFLOW,CWCD.rpt
NOFLOW,Casey10yr.rpt
NOFLOW,Chap10.rpt
NOFLOW,Check2.rpt
NOFLOW,Chute1.rpt
NOFLOW,Clydewood01.rpt
NOFLOW,Clydewood02.rpt
NOFLOW,Combo(100yr861ex).rpt
NOFLOW,D-A-NUT.rpt
NOFLOW,D100y.rpt
NOFLOW,DALLAS.rpt
NOFLOW,DAMBREAK.rpt
NOFLOW,DAMPER.rpt
NOFLOW,DAMS.rpt
NOFLOW,DAMS_v1.01.rpt
NOFLOW,DAT.rpt
NOFLOW,DATA1.rpt
NOFLOW,DATA2.rpt
NOFLOW,DATA20.rpt
NOFLOW,DATA3.rpt
NOFLOW,DATA4.rpt
NOFLOW,DATAN.rpt
NOFLOW,DC48-XE.rpt
NOFLOW,DCTEST.rpt
NOFLOW,DDSWMM_example.rpt
NOFLOW,DETAIL12.rpt
NOFLOW,DETAIL51.rpt
NOFLOW,DETMATT.rpt
NOFLOW,DID.rpt
NOFLOW,DJR.rpt
NOFLOW,DOUBLE.rpt
NOFLOW,DR75A.rpt
NOFLOW,DRAIN.rpt
NOFLOW,DRCRK-X.rpt
NOFLOW,DROP.rpt
NOFLOW,DROP1.rpt
NOFLOW,DROP2.rpt
NOFLOW,DROP2A.rpt
NOFLOW,DSL2H.rpt
NOFLOW,DSN4-100.rpt
NOFLOW,DUBBOCUL.rpt
NOFLOW,DUCKS.rpt
NOFLOW,DUCKS1.rpt
NOFLOW,DUMMTEST.rpt
NOFLOW,DWFMAST.rpt
NOFLOW,DWFMAST0.rpt
NOFLOW,DWFMAST1.rpt
NOFLOW,DWFMAST2.rpt
NOFLOW,DWFTEST.rpt
NOFLOW,DWFTEST1.rpt
NOFLOW,DWFTUT.rpt
NOFLOW,DWFTUT1.rpt
NOFLOW,DWFTUTWQ.rpt
NOFLOW,DWOOD.rpt
NOFLOW,DWOOD1.rpt
NOFLOW,DYPUMP.rpt
NOFLOW,Detail54.rpt
NOFLOW,Dntwnstm.rpt
NOFLOW,Dntwnstm_v2.2.rpt
NOFLOW,E1580ZDG.rpt
NOFLOW,E1N-test.rpt
NOFLOW,E1NBAK.rpt
NOFLOW,E33L1F3.rpt
NOFLOW,E33L25P1.rpt
NOFLOW,E33L25P5.rpt
NOFLOW,E33L25P9.rpt
NOFLOW,E6MQDIAG.rpt
NOFLOW,E80NDEMC.rpt
NOFLOW,EAST.rpt
NOFLOW,EAST10.rpt
NOFLOW,EASTDITC.rpt
NOFLOW,EASTSALE.rpt
NOFLOW,EASTTEMP.rpt
NOFLOW,EASTWWF2.rpt
NOFLOW,EDDIE2.rpt
NOFLOW,EDFAST.rpt
NOFLOW,EDSYPH1.rpt
NOFLOW,EDWARDS8.rpt
NOFLOW,EL25K3N.rpt
NOFLOW,EL25K3NH.rpt
NOFLOW,EL25QK3D.rpt
NOFLOW,ELCOMB.rpt
NOFLOW,ELEANOR.rpt
NOFLOW,ELEANOR_v6.rpt
NOFLOW,ELMCREEK.rpt
NOFLOW,EM0331.rpt
NOFLOW,EMCTEST.rpt
NOFLOW,EMCWQ.rpt
NOFLOW,EMCWQ1.rpt
NOFLOW,ER42403R.rpt
NOFLOW,ERASE3.rpt
NOFLOW,ERASE_EA.rpt
NOFLOW,ERODE.rpt
NOFLOW,ERPONDS.rpt
NOFLOW,ESTERO C.rpt
NOFLOW,EX-98058.rpt
NOFLOW,EX-NYA~1.rpt
NOFLOW,EX-hec1.rpt
NOFLOW,EX1.rpt
NOFLOW,EX2.rpt
NOFLOW,EX25MRTZ.rpt
NOFLOW,EX3.rpt
NOFLOW,EX4.rpt
NOFLOW,EX5.rpt
NOFLOW,EX7.rpt
NOFLOW,EX8.rpt
NOFLOW,EX9.rpt
NOFLOW,EXAM10.rpt
NOFLOW,EXAM80.rpt
NOFLOW,EXAM80A.rpt
NOFLOW,EXAM9.rpt
NOFLOW,EXINT.rpt
NOFLOW,EXINT1.rpt
NOFLOW,EXIST-10.rpt
NOFLOW,EXIST.rpt
NOFLOW,EXIST_4.rpt
NOFLOW,EXMGD1.rpt
NOFLOW,EXQ2.rpt
NOFLOW,EXQ2A.rpt
NOFLOW,EXQ2B.rpt
NOFLOW,EXQ2C.rpt
NOFLOW,EXQ3.rpt
NOFLOW,EXQUAL.rpt
NOFLOW,EXQUAL1.rpt
NOFLOW,EXQUAL3.rpt
NOFLOW,EXQUAL4.rpt
NOFLOW,EXQUAL5.rpt
NOFLOW,EXSYPH.rpt
NOFLOW,EXTEST1.rpt
NOFLOW,EXTR05L.rpt
NOFLOW,EXTR5K2.rpt
NOFLOW,EXTUT1.rpt
NOFLOW,EXTUT10.rpt
NOFLOW,EXTUT11.rpt
NOFLOW,EXTUT12.rpt
NOFLOW,EXTUT13.rpt
NOFLOW,EXTUT14.rpt
NOFLOW,EXTUT15.rpt
NOFLOW,EXTUT16.rpt
NOFLOW,EXTUT17.rpt
NOFLOW,EXTUT18.rpt
NOFLOW,EXTUT2.rpt
NOFLOW,EXTUT20.rpt
NOFLOW,EXTUT2A.rpt
NOFLOW,EXTUT3.rpt
NOFLOW,EXTUT3A.rpt
NOFLOW,EXTUT4.rpt
NOFLOW,EXTUT5.rpt
NOFLOW,EXTUT6.rpt
NOFLOW,EXTUT7.rpt
NOFLOW,EXTUT8.rpt
NOFLOW,EXTUT9.rpt
NOFLOW,EXWOR1A.rpt
NOFLOW,EXWOR1B.rpt
NOFLOW,EXWOR3G.rpt
NOFLOW,EXWORK1.rpt
NOFLOW,EXWORK1A.rpt
NOFLOW,EXWORK1B.rpt
NOFLOW,EXWORK2.rpt
NOFLOW,EXWORK2A.rpt
NOFLOW,EXWORK2B.rpt
NOFLOW,EXWORK2C.rpt
NOFLOW,EXWORK3A.rpt
NOFLOW,EXWORK3B.rpt
NOFLOW,EXWORK4.rpt
NOFLOW,EXWORK4G.rpt
NOFLOW,EXWORK5.rpt
NOFLOW,EXWORK5A.rpt
NOFLOW,EXWORK5B.rpt
NOFLOW,EXWORK5G.rpt
NOFLOW,EXWORK6.rpt
NOFLOW,EXWORK6G.rpt
NOFLOW,Edsyphon.rpt
NOFLOW,EdsyphonA.rpt
NOFLOW,Edsyphonb.rpt
NOFLOW,ExCondtr.rpt
NOFLOW,Exis2.rpt
NOFLOW,Existing Northeast Storm.rpt
NOFLOW,FAIL.rpt
NOFLOW,FATCLLJN.rpt
NOFLOW,FATCLLJN_v1.4.rpt
NOFLOW,FC-NC-~1.rpt
NOFLOW,FG-3.rpt
NOFLOW,FHTSFB6.rpt
NOFLOW,FIETEST.rpt
NOFLOW,FINAL30.rpt
NOFLOW,FINALEX.rpt
NOFLOW,FL-DUM~1.rpt
NOFLOW,FL-DUM~2.rpt
NOFLOW,FL-TEST2.rpt
NOFLOW,FL.rpt
NOFLOW,FLAPTST.rpt
NOFLOW,FLASCS.rpt
NOFLOW,FLASCS1.rpt
NOFLOW,FLASCS2.rpt
NOFLOW,FLDTEST.rpt
NOFLOW,FLDTEST1.rpt
NOFLOW,FLGIL.rpt
NOFLOW,FLGIL1.rpt
NOFLOW,FLOOD1.rpt
NOFLOW,FLOOD2.rpt
NOFLOW,FLOOD3.rpt
NOFLOW,FLOODBAD.rpt
NOFLOW,FLOWNET.rpt
NOFLOW,FLYANXXO.rpt
NOFLOW,FM10.rpt
NOFLOW,FM20-20.rpt
NOFLOW,FM20.rpt
NOFLOW,FM30.rpt
NOFLOW,FN-A2-R2.rpt
NOFLOW,FRAN5OR.rpt
NOFLOW,FRED-002.rpt
NOFLOW,FRED-SCS.rpt
NOFLOW,FRED1-SC.rpt
NOFLOW,FT1.rpt
NOFLOW,FUBAR.rpt
NOFLOW,FUNC1.rpt
NOFLOW,FUNCONE.rpt
NOFLOW,FUNCRUN.rpt
NOFLOW,FW100F.rpt
NOFLOW,FW927RN.rpt
NOFLOW,FWSAN.rpt
NOFLOW,FWSAN1.rpt
NOFLOW,FWSAN2.rpt
NOFLOW,FWSANO.rpt
NOFLOW,Fairwd_5.rpt
NOFLOW,French_Drains.rpt
NOFLOW,Future Northeast Storm.rpt
NOFLOW,GABIONS.rpt
NOFLOW,GABIONS_v1.rpt
NOFLOW,GAUGE1.rpt
NOFLOW,GEORAIN.rpt
NOFLOW,GETEST3.rpt
NOFLOW,GLAKE.rpt
NOFLOW,GL_1.rpt
NOFLOW,GRASS1.rpt
NOFLOW,GRASS1A.rpt
NOFLOW,GRASS2.rpt
NOFLOW,GRAY1.rpt
NOFLOW,GRAY2.rpt
NOFLOW,GUY.rpt
NOFLOW,G_EX10.rpt
NOFLOW,Grande-Prarie_Master 2004.rpt
NOFLOW,HA30-100.rpt
NOFLOW,HA30SM.rpt
NOFLOW,HA5-100.rpt
NOFLOW,HASAN.rpt
NOFLOW,HASAN1.rpt
NOFLOW,HB1.rpt
NOFLOW,HBNIPPON.rpt
NOFLOW,HDR1.rpt
NOFLOW,HDR1A.rpt
NOFLOW,HDR1BAK.rpt
NOFLOW,HDR1BMP.rpt
NOFLOW,HDR1OLD.rpt
NOFLOW,HDR1T.rpt
NOFLOW,HDR1TWQ.rpt
NOFLOW,HDR1X.rpt
NOFLOW,HDR2.rpt
NOFLOW,HDR2BMP.rpt
NOFLOW,HDR2T.rpt
NOFLOW,HDR2T1.rpt
NOFLOW,HDR2X.rpt
NOFLOW,HDR3.rpt
NOFLOW,HEATHER.rpt
NOFLOW,HEATHER1.rpt
NOFLOW,HEATHER2.rpt
NOFLOW,HEATHER9.rpt
NOFLOW,HEATHFR.rpt
NOFLOW,HEATHREQ.rpt
NOFLOW,HEATHRHT.rpt
NOFLOW,HEC-Conversion-1.rpt
NOFLOW,HEC-Conversion-2-complete.rpt
NOFLOW,HEC-Conversion-3-complete.rpt
NOFLOW,HEC-Conversion-4-complete nex x sections.rpt
NOFLOW,HEC-Conversion-4-complete.rpt
NOFLOW,HEC-Conversion-5-complete.rpt
NOFLOW,HEC-Conversion-5-complete_v15.rpt
NOFLOW,HEDGEX2.rpt
NOFLOW,HERR3.rpt
NOFLOW,HERR3_v19.1.rpt
NOFLOW,HERR3_v2.23.rpt
NOFLOW,HERRTST.rpt
NOFLOW,HESS-N.rpt
NOFLOW,HH-Exist-97TrialWQ.rpt
NOFLOW,HLAKE.rpt
NOFLOW,HN2005FP.rpt
NOFLOW,HOGADONE.rpt
NOFLOW,HOOD.rpt
NOFLOW,HOOD1.rpt
NOFLOW,HOOD2.rpt
NOFLOW,HOSMER.rpt
NOFLOW,HP5.rpt
NOFLOW,HP5A.rpt
NOFLOW,HRC.rpt
NOFLOW,HYBRIDT.rpt
NOFLOW,Hourly Rainfall.rpt
NOFLOW,Hwy26_2-2_50yr.rpt
NOFLOW,I10.rpt
NOFLOW,IH11.rpt
NOFLOW,ILSAX.rpt
NOFLOW,IMC1.rpt
NOFLOW,IMC1_SW.rpt
NOFLOW,IMC1_XT.rpt
NOFLOW,IMC2T.rpt
NOFLOW,IMCTST.rpt
NOFLOW,IMPERIAL.rpt
NOFLOW,IMPORT.rpt
NOFLOW,IMPORTLL.rpt
NOFLOW,IMPROVE5.rpt
NOFLOW,IMPTST.rpt
NOFLOW,INFIL.rpt
NOFLOW,INFLOW.rpt
NOFLOW,INPUT1.rpt
NOFLOW,INPUT1A.rpt
NOFLOW,INT1.rpt
NOFLOW,INT1A.rpt
NOFLOW,INTER.rpt
NOFLOW,INTL2.rpt
NOFLOW,INVERT1.rpt
NOFLOW,INVERT2.rpt
NOFLOW,IOP-EX2.rpt
NOFLOW,IS-F010.rpt
NOFLOW,JACK_RUN.rpt
NOFLOW,JACK_RUN_v6.rpt
NOFLOW,JC.rpt
NOFLOW,JDUMB.rpt
NOFLOW,JEANNE.rpt
NOFLOW,JESSIE.rpt
NOFLOW,JFC1.rpt
NOFLOW,JJA.rpt
NOFLOW,JOB1.rpt
NOFLOW,JOEDATA.rpt
NOFLOW,JONES1.rpt
NOFLOW,JONESHEN.rpt
NOFLOW,JUNCTION.rpt
NOFLOW,JUNK.rpt
NOFLOW,JUNK1.rpt
NOFLOW,JUNK2J.rpt
NOFLOW,JURGEN.rpt
NOFLOW,JURGEN_v1.01.rpt
NOFLOW,JUST.rpt
NOFLOW,Jadoug.rpt
NOFLOW,Japan WQ Example.rpt
NOFLOW,Japan WQ Example_v16.rpt
NOFLOW,Japan WQ Example_v16_v16.rpt
NOFLOW,Japan WQ Example_v19.1.rpt
NOFLOW,KA1022A1.rpt
NOFLOW,KA1022A2.rpt
NOFLOW,KAN930_1.rpt
NOFLOW,KASENSE.rpt
NOFLOW,KCCG.rpt
NOFLOW,KI-100.rpt
NOFLOW,KI-100A.rpt
NOFLOW,KI-100B.rpt
NOFLOW,KI-100C.rpt
NOFLOW,KI-100CA.rpt
NOFLOW,KI-100D.rpt
NOFLOW,KI-100E.rpt
NOFLOW,KICK1003.rpt
NOFLOW,KINHILL.rpt
NOFLOW,KIRKWOOD-8.rpt
NOFLOW,KIT9596.rpt
NOFLOW,KKE1A.rpt
NOFLOW,KKEQ20TF.rpt
NOFLOW,KKFP01.rpt
NOFLOW,KKFP01_v2.03.rpt
NOFLOW,KKFP2001.rpt
NOFLOW,KKFPTEST.rpt
NOFLOW,KPTEST.rpt
NOFLOW,KRISTEN.rpt
NOFLOW,LAKE1.rpt
NOFLOW,LAKE1A.rpt
NOFLOW,LAKE2.rpt
NOFLOW,LAKE3.rpt
NOFLOW,LAUR&T1(1).rpt
NOFLOW,LAUR&T1(2).rpt
NOFLOW,LAUR&T1.rpt
NOFLOW,LC.rpt
NOFLOW,LC6.rpt
NOFLOW,LEENA.rpt
NOFLOW,LI.rpt
NOFLOW,LID-ExampleA.rpt
NOFLOW,LID-ExampleB.rpt
NOFLOW,LID-ExampleC.rpt
NOFLOW,LINCOLN.rpt
NOFLOW,LO1.rpt
NOFLOW,LO1A.rpt
NOFLOW,LO1B.rpt
NOFLOW,LOCALT3.rpt
NOFLOW,LOWFLOW.rpt
NOFLOW,LP_CALIBRATION.rpt
NOFLOW,LP_design.rpt
NOFLOW,LRAIN.rpt
NOFLOW,LYNCH.rpt
NOFLOW,LYNCH1.rpt
NOFLOW,LYNCHTR.rpt
NOFLOW,Lakes at Creekside Section 4_1D-2D Model.rpt
NOFLOW,Laur&t(1).rpt
NOFLOW,Laur&t(2).rpt
NOFLOW,Laur&t.rpt
NOFLOW,LexingtonContinuous.rpt
NOFLOW,LexingtonEvent.rpt
NOFLOW,Lowflow1.rpt
NOFLOW,M15_final.rpt
NOFLOW,M15_final_v16.rpt
NOFLOW,M15_start.rpt
NOFLOW,MAJMIN1.rpt
NOFLOW,MALAY.rpt
NOFLOW,MARTING.rpt
NOFLOW,MARWWINT.rpt
NOFLOW,MASTER1.rpt
NOFLOW,MASTER1_v1.01.rpt
NOFLOW,MASTER2.rpt
NOFLOW,MASTER3.rpt
NOFLOW,MASTER4.rpt
NOFLOW,MASTER5.rpt
NOFLOW,MASTER5_v1.31.rpt
NOFLOW,MAULEON.rpt
NOFLOW,MAULEON1.rpt
NOFLOW,MAULEON2.rpt
NOFLOW,MAY7ROFF.rpt
NOFLOW,MAYBR.rpt
NOFLOW,MCWET.rpt
NOFLOW,MIARUN.rpt
NOFLOW,MISDRAIN.rpt
NOFLOW,MOD100.rpt
NOFLOW,MOD100_v6.rpt
NOFLOW,MOD103.rpt
NOFLOW,MOD157.rpt
NOFLOW,MOD180.rpt
NOFLOW,MOD181.rpt
NOFLOW,MOD202.rpt
NOFLOW,MOD40.rpt
NOFLOW,MOD47.rpt
NOFLOW,MOD61.rpt
NOFLOW,MOD61_v5.3.rpt
NOFLOW,MOD99.rpt
NOFLOW,MOD99_v5.3.rpt
NOFLOW,MODIFY.rpt
NOFLOW,MODIFY1.rpt
NOFLOW,MODIFY2.rpt
NOFLOW,MODIFY3.rpt
NOFLOW,MODIFY4.rpt
NOFLOW,MODIFY5.rpt
NOFLOW,MODIFY_v2.04.rpt
NOFLOW,MONT04.rpt
NOFLOW,MONT08.rpt
NOFLOW,MPORF.rpt
NOFLOW,MULDWF.rpt
NOFLOW,MWPUMP1.rpt
NOFLOW,Majmin.rpt
NOFLOW,Model3_1D-2D_Urban_10m Grid.rpt
NOFLOW,Model4_1D-2D_Urban_2m Grid.rpt
NOFLOW,Model5_1D-2D-2D_5m-2m.rpt
NOFLOW,Model5_1D-2D-2D_5m-2m_extra vertices.rpt
NOFLOW,Model5_1D-2D-2D_5m-2m_extra vertices_new location.rpt
NOFLOW,Module99.rpt
NOFLOW,N30.rpt
NOFLOW,NADA.rpt
NOFLOW,NAPLES.rpt
NOFLOW,NASH.rpt
NOFLOW,NATSMALL.rpt
NOFLOW,NATURE.rpt
NOFLOW,NATURE1.rpt
NOFLOW,NATURE1_v19.1.rpt
NOFLOW,NATURE1_v2.2.rpt
NOFLOW,NATUREL.rpt
NOFLOW,NCHANNEL.rpt
NOFLOW,NECALIB1.rpt
NOFLOW,NEQTST.rpt
NOFLOW,NEWLINE.rpt
NOFLOW,NEWPBS.rpt
NOFLOW,NEWPMP1.rpt
NOFLOW,NEWPMP10.rpt
NOFLOW,NEWPMP13.rpt
NOFLOW,NEWPMP14.rpt
NOFLOW,NEWPMP15.rpt
NOFLOW,NEWPMP2.rpt
NOFLOW,NEWPMP20.rpt
NOFLOW,NEWPMP21.rpt
NOFLOW,NEWPMP22.rpt
NOFLOW,NEWPMP25.rpt
NOFLOW,NEWPMP3.rpt
NOFLOW,NEWPMP4.rpt
NOFLOW,NEWPMP5.rpt
NOFLOW,NEWPMP6.rpt
NOFLOW,NEWPMP7.rpt
NOFLOW,NEWPMP8.rpt
NOFLOW,NEWPMP9.rpt
NOFLOW,NEWPUMP.rpt
NOFLOW,NEWPUMP1.rpt
NOFLOW,NEWPUMP2.rpt
NOFLOW,NEWRATE.rpt
NOFLOW,NEWT150.rpt
NOFLOW,NOAH1.rpt
NOFLOW,NORTH25.rpt
NOFLOW,NT134-XE.rpt
NOFLOW,NT134XEN.rpt
NOFLOW,NW_Lake_N.rpt
NOFLOW,New_Hope_NW_Lake_N_Example.rpt
NOFLOW,Newpmp12.rpt
NOFLOW,Noorholl.rpt
NOFLOW,Noorholl_v2.2.rpt
NOFLOW,OAK.rpt
NOFLOW,OFC5S.rpt
NOFLOW,OFFLINE1.rpt
NOFLOW,OFFLINE2.rpt
NOFLOW,OFFLINE3.rpt
NOFLOW,OFFLINE4.rpt
NOFLOW,OFFLINE5.rpt
NOFLOW,OFFLINE6.rpt
NOFLOW,OFFLINE7.rpt
NOFLOW,OGDEN.rpt
NOFLOW,OGDEN1.rpt
NOFLOW,OH10191A.rpt
NOFLOW,ONENODE.rpt
NOFLOW,OR288.rpt
NOFLOW,ORIF-OS.rpt
NOFLOW,ORIF.rpt
NOFLOW,ORIF2.rpt
NOFLOW,ORIF2_v5.62.rpt
NOFLOW,ORIG50.rpt
NOFLOW,ORLEAN1.rpt
NOFLOW,ORLEAN2.rpt
NOFLOW,ORLEANS.rpt
NOFLOW,ORLOFF1.rpt
NOFLOW,ORLOFF2.rpt
NOFLOW,ORME614.rpt
NOFLOW,OTTAWA.rpt
NOFLOW,OTTAWA1.rpt
NOFLOW,OTTAWA2.rpt
NOFLOW,OUTFALLS.rpt
NOFLOW,OWASEW.rpt
NOFLOW,OWASOO.rpt
NOFLOW,OWASSO.rpt
NOFLOW,OWASSS.rpt
NOFLOW,OWATTT.rpt
NOFLOW,Offline-Storage.rpt
NOFLOW,Offline.rpt
NOFLOW,PARRA.rpt
NOFLOW,PAVCHN.rpt
NOFLOW,PBS&JSEN(1).rpt
NOFLOW,PBS&JSEN(2).rpt
NOFLOW,PBS&JSEN.rpt
NOFLOW,PBS&JSEN_v1.4(1).rpt
NOFLOW,PBS&JSEN_v1.4(2).rpt
NOFLOW,PBS&JSEN_v1.4.rpt
NOFLOW,PBSJ.rpt
NOFLOW,PBSJ1.rpt
NOFLOW,PBSJ11.rpt
NOFLOW,PEARCE1.rpt
NOFLOW,PEARCEDE.rpt
NOFLOW,PEARCEXT.rpt
NOFLOW,PEBBLE.rpt
NOFLOW,PH003.rpt
NOFLOW,PIETER.rpt
NOFLOW,PINELLAS.rpt
NOFLOW,PND2_LYR.rpt
NOFLOW,POLKAB.rpt
NOFLOW,PORT02.rpt
NOFLOW,POST15E.rpt
NOFLOW,POST_NEW.rpt
NOFLOW,PR5yr BaseFile.rpt
NOFLOW,PROP-10Y.rpt
NOFLOW,PROP.rpt
NOFLOW,PROPLOSS.rpt
NOFLOW,PS6.rpt
NOFLOW,PS6204.rpt
NOFLOW,PST.rpt
NOFLOW,PUMP.rpt
NOFLOW,PUMP5.rpt
NOFLOW,PUMPNEW.rpt
NOFLOW,PUSH.rpt
NOFLOW,Parawqm9.rpt
NOFLOW,Peter.rpt
NOFLOW,Ph003a.rpt
NOFLOW,Phase_3.rpt
NOFLOW,Post100y8H.rpt
NOFLOW,Postswl1.rpt
NOFLOW,Ps110297 mfc9.rpt
NOFLOW,Ps110297dwf11.rpt
NOFLOW,Q20SML.rpt
NOFLOW,Q3LAHEY.rpt
NOFLOW,QSURGE.rpt
NOFLOW,QSURGE1.rpt
NOFLOW,QSURGE_v1.rpt
NOFLOW,QUICKQ1.rpt
NOFLOW,QUICKQ1A.rpt
NOFLOW,QUICKQ1_v16.rpt
NOFLOW,QUICKQ4.rpt
NOFLOW,QUICKQ4A.rpt
NOFLOW,QUICKQ4B.rpt
NOFLOW,QUICKQ4C.rpt
NOFLOW,Quickq.rpt
NOFLOW,Quickq2.rpt
NOFLOW,Quickq3.rpt
NOFLOW,Quickq5.rpt
NOFLOW,Quickqa.rpt
NOFLOW,RAFTEST1.rpt
NOFLOW,RAFTS.rpt
NOFLOW,RAFTS05.rpt
NOFLOW,RAFTS1.rpt
NOFLOW,RAFTS2.rpt
NOFLOW,RAILWAY.rpt
NOFLOW,RAILWY1.rpt
NOFLOW,RAILWY2.rpt
NOFLOW,RAILWY3.rpt
NOFLOW,RAILWY4.rpt
NOFLOW,RAILWY5.rpt
NOFLOW,RAIN.rpt
NOFLOW,RAIN1CHK.rpt
NOFLOW,RAINCHK.rpt
NOFLOW,RAINDATA.rpt
NOFLOW,RAINTEST.rpt
NOFLOW,RAINUTIL.rpt
NOFLOW,RATBND.rpt
NOFLOW,RATING.rpt
NOFLOW,RATION1.rpt
NOFLOW,RATRUN.rpt
NOFLOW,RCONFLU.rpt
NOFLOW,REACT.rpt
NOFLOW,REACT1.rpt
NOFLOW,REACT2.rpt
NOFLOW,REACT3.rpt
NOFLOW,REGUL.rpt
NOFLOW,REGULATE.rpt
NOFLOW,REXAM1.rpt
NOFLOW,RITTIMAN.rpt
NOFLOW,RITTIMP.rpt
NOFLOW,RIVERTCH.rpt
NOFLOW,RN3.rpt
NOFLOW,RN33.rpt
NOFLOW,RN4.rpt
NOFLOW,RN44TRPR.rpt
NOFLOW,RNF1.rpt
NOFLOW,RNFTEST.rpt
NOFLOW,RSA_FM.rpt
NOFLOW,RTCflow.rpt
NOFLOW,RUN11.rpt
NOFLOW,RUN192.rpt
NOFLOW,RUN21.rpt
NOFLOW,RUN24.rpt
NOFLOW,RUN35.rpt
NOFLOW,RUN9.rpt
NOFLOW,RUNAS.rpt
NOFLOW,RUNEXTRN.rpt
NOFLOW,RUNOFF31.rpt
NOFLOW,RUNTEST.rpt
NOFLOW,RUNTEST1.rpt
NOFLOW,RUNTEST2.rpt
NOFLOW,RUNTRNEX.rpt
NOFLOW,RUNTST.rpt
NOFLOW,RUNTSTA.rpt
NOFLOW,RUN_AES.rpt
NOFLOW,RainControlledRegulator.rpt
NOFLOW,Rational Formula Method.rpt
NOFLOW,RationalFormulawithIDF.rpt
NOFLOW,Rd701-d.rpt
NOFLOW,Rsa_wet.rpt
NOFLOW,SAMPLE2.rpt
NOFLOW,SCANLON.rpt
NOFLOW,SCATP.rpt
NOFLOW,SCS1.rpt
NOFLOW,SCS1A.rpt
NOFLOW,SCS2.rpt
NOFLOW,SCS3.rpt
NOFLOW,SCSALL.rpt
NOFLOW,SCSALL1.rpt
NOFLOW,SCSAMER.rpt
NOFLOW,SCSAMER1.rpt
NOFLOW,SCSCALIB.rpt
NOFLOW,SCSCOMP.rpt
NOFLOW,SCSCOMP1.rpt
NOFLOW,SCSCURV.rpt
NOFLOW,SCSIMP.rpt
NOFLOW,SCSL1.rpt
NOFLOW,SCSL2.rpt
NOFLOW,SCSMETRI.rpt
NOFLOW,SCSSRF.rpt
NOFLOW,SCSTE1.rpt
NOFLOW,SCSTEST.rpt
NOFLOW,SCSTEST1.rpt
NOFLOW,SCSTK.rpt
NOFLOW,SCS_WA.rpt
NOFLOW,SEACL2.rpt
NOFLOW,SEACL2A.rpt
NOFLOW,SEASON1.rpt
NOFLOW,SEASON2.rpt
NOFLOW,SEASON3.rpt
NOFLOW,SEGRAIN.rpt
NOFLOW,SENSITIV.rpt
NOFLOW,SENSTVTY.rpt
NOFLOW,SEWER.rpt
NOFLOW,SHADY.rpt
NOFLOW,SHAMSI.rpt
NOFLOW,SHAPES.rpt
NOFLOW,SHEET.rpt
NOFLOW,SHEPHERD.rpt
NOFLOW,SHRP1.rpt
NOFLOW,SHRPPROP.rpt
NOFLOW,SIC07.rpt
NOFLOW,SM.rpt
NOFLOW,SMT1_2.rpt
NOFLOW,SMTCA.rpt
NOFLOW,SMTCA1.rpt
NOFLOW,SN2002PN.rpt
NOFLOW,SNOWJOB.rpt
NOFLOW,SNOWMELT.rpt
NOFLOW,SP128B.rpt
NOFLOW,SPC20B.rpt
NOFLOW,SSM.rpt
NOFLOW,STACK.rpt
NOFLOW,STAGE3L.rpt
NOFLOW,STAGE3L_v1.05.rpt
NOFLOW,STATS1.rpt
NOFLOW,STBRY3.rpt
NOFLOW,STBRY3A.rpt
NOFLOW,STBRY3B.rpt
NOFLOW,STEELE2.rpt
NOFLOW,STONER.rpt
NOFLOW,STORAGE1.rpt
NOFLOW,STORAGE2.rpt
NOFLOW,STORM.rpt
NOFLOW,STPETE1.rpt
NOFLOW,STPETE1_v2.2.rpt
NOFLOW,STPTEST.rpt
NOFLOW,STRT.rpt
NOFLOW,STRT1.rpt
NOFLOW,STRT10.rpt
NOFLOW,STRT11.rpt
NOFLOW,STRT12.rpt
NOFLOW,STRT13.rpt
NOFLOW,STRT14.rpt
NOFLOW,STRT15.rpt
NOFLOW,STRT16.rpt
NOFLOW,STRT17.rpt
NOFLOW,STRT18.rpt
NOFLOW,STRT1XP.rpt
NOFLOW,STRT2.rpt
NOFLOW,STRT3.rpt
NOFLOW,STRT4.rpt
NOFLOW,STRT5.rpt
NOFLOW,STRT6.rpt
NOFLOW,STRT7.rpt
NOFLOW,STRT8.rpt
NOFLOW,STRT9.rpt
NOFLOW,STRTHB.rpt
NOFLOW,STRTMAS.rpt
NOFLOW,STRTMAT.rpt
NOFLOW,STRTMS1.rpt
NOFLOW,STRTMS2.rpt
NOFLOW,STRTMS3.rpt
NOFLOW,STRTMS4.rpt
NOFLOW,STRTMS5.rpt
NOFLOW,SUB1.rpt
NOFLOW,SUB2.rpt
NOFLOW,SUB3.rpt
NOFLOW,SUB4.rpt
NOFLOW,SUTORDB.rpt
NOFLOW,SW1.rpt
NOFLOW,SW3.rpt
NOFLOW,SW7.rpt
NOFLOW,SWEC1.rpt
NOFLOW,SWMMCONT.rpt
NOFLOW,SWMM_SCS.rpt
NOFLOW,SYPHON.rpt
NOFLOW,SYPHON1.rpt
NOFLOW,SYPHON2.rpt
NOFLOW,SYPHON3.rpt
NOFLOW,Sbuh.rpt
NOFLOW,Sewers.rpt
NOFLOW,Stell-exist-50yr-des-parow.rpt
NOFLOW,Stemp.rpt
NOFLOW,T100.rpt
NOFLOW,T16VALVE.rpt
NOFLOW,T17VALVE.rpt
NOFLOW,T18VALVE.rpt
NOFLOW,T19VALVE.rpt
NOFLOW,T1X.rpt
NOFLOW,T20VALVE.rpt
NOFLOW,T21VALVE.rpt
NOFLOW,T22VALVE.rpt
NOFLOW,T23VALVE.rpt
NOFLOW,T2VALVE.rpt
NOFLOW,T3VALVE.rpt
NOFLOW,T4VALVE.rpt
NOFLOW,TACOMA.rpt
NOFLOW,TAI2.rpt
NOFLOW,TAI3.rpt
NOFLOW,TAI8-13.rpt
NOFLOW,TAIORF.rpt
NOFLOW,TAITRANS.rpt
NOFLOW,TALEXAM.rpt
NOFLOW,TAMPA1.rpt
NOFLOW,TANK1.rpt
NOFLOW,TCONFLU.rpt
NOFLOW,TEH1.rpt
NOFLOW,TEH1NEW.rpt
NOFLOW,TEMP3.rpt
NOFLOW,TEMPE.rpt
NOFLOW,TEMPE1.rpt
NOFLOW,TEMPE_v1.rpt
NOFLOW,TEPA.rpt
NOFLOW,TEST-1_.rpt
NOFLOW,TEST1.rpt
NOFLOW,TEST144.rpt
NOFLOW,TEST1EXT.rpt
NOFLOW,TEST3.rpt
NOFLOW,TEST4.rpt
NOFLOW,TEST4000.rpt
NOFLOW,TEST5.rpt
NOFLOW,TESTCDM.rpt
NOFLOW,TESTCHAN.rpt
NOFLOW,TESTCOND.rpt
NOFLOW,TESTEXT1.rpt
NOFLOW,TESTEXT3.rpt
NOFLOW,TESTEXTA.rpt
NOFLOW,TESTEXTB.rpt
NOFLOW,TESTEXTC.rpt
NOFLOW,TESTREG.rpt
NOFLOW,TESTREV1.rpt
NOFLOW,TESTSEA.rpt
NOFLOW,TESTSTOR.rpt
NOFLOW,TESTSWM2.rpt
NOFLOW,TESTSWM3.rpt
NOFLOW,TESTSWM4.rpt
NOFLOW,TESTSWM5.rpt
NOFLOW,TESTWWF2.rpt
NOFLOW,TESTdec.rpt
NOFLOW,TFARR.rpt
NOFLOW,TFC-E.rpt
NOFLOW,TFunction.rpt
NOFLOW,TG1N2.rpt
NOFLOW,TG4-51_N.rpt
NOFLOW,TG88N10.rpt
NOFLOW,TG91N10.rpt
NOFLOW,TG91N20.rpt
NOFLOW,TGAB863.rpt
NOFLOW,TGAB88.rpt
NOFLOW,TH10&POL(1).rpt
NOFLOW,TH10&POL.rpt
NOFLOW,TH23SPI4.rpt
NOFLOW,TIA.rpt
NOFLOW,TIA_v1.01.rpt
NOFLOW,TIDALS.rpt
NOFLOW,TIMEAREA.rpt
NOFLOW,TL1R.rpt
NOFLOW,TORBEIN.rpt
NOFLOW,TORBEIN_v1.01.rpt
NOFLOW,TORONT2.rpt
NOFLOW,TORONT2_v1.01.rpt
NOFLOW,TORONTO.rpt
NOFLOW,TORONTO1.rpt
NOFLOW,TORONTO1_v1.43.rpt
NOFLOW,TORONTO2.rpt
NOFLOW,TORONTO5.rpt
NOFLOW,TOWN100.rpt
NOFLOW,TR23SAVG.rpt
NOFLOW,TR23SAVG_v2.04.rpt
NOFLOW,TR23SNEX.rpt
NOFLOW,TRACY.rpt
NOFLOW,TRACY1.rpt
NOFLOW,TRAMAS.rpt
NOFLOW,TRAN2.rpt
NOFLOW,TRANCOND.rpt
NOFLOW,TRANSALL.rpt
NOFLOW,TRANSTES.rpt
NOFLOW,TRDESIGN.rpt
NOFLOW,TRIAL1.rpt
NOFLOW,TRSAM1.rpt
NOFLOW,TRSTORE.rpt
NOFLOW,TRTOEXMT.rpt
NOFLOW,TRTOEXUS.rpt
NOFLOW,TRY.rpt
NOFLOW,TRYACAC.rpt
NOFLOW,TST25.rpt
NOFLOW,TUNNEL.rpt
NOFLOW,TUNNEL1.rpt
NOFLOW,TUT13.rpt
NOFLOW,TWARD.rpt
NOFLOW,TestVar1.rpt
NOFLOW,TestVar2.rpt
NOFLOW,UAE.rpt
NOFLOW,UDDEX1.rpt
NOFLOW,UDSPLIT.rpt
NOFLOW,UDTST.rpt
NOFLOW,UMA.rpt
NOFLOW,UNIT.rpt
NOFLOW,UPHILL.rpt
NOFLOW,UPPER.rpt
NOFLOW,UPPSAR.rpt
NOFLOW,UPPSAR_v2.04.rpt
NOFLOW,UPWSH1.rpt
NOFLOW,UPWSH2.rpt
NOFLOW,UPWSH3.rpt
NOFLOW,USERCOND.rpt
NOFLOW,USERCTRA.rpt
NOFLOW,USEREXT.rpt
NOFLOW,USERTST.rpt
NOFLOW,USL.rpt
NOFLOW,USUNIT~1.rpt
NOFLOW,V7 FINAL.rpt
NOFLOW,VALVE.rpt
NOFLOW,VALVE1.rpt
NOFLOW,VALVE1A.rpt
NOFLOW,VALVE4.rpt
NOFLOW,VALVE4A.rpt
NOFLOW,VALVEA.rpt
NOFLOW,VISGM10.rpt
NOFLOW,W20GR.rpt
NOFLOW,WA.rpt
NOFLOW,WAL1_10.rpt
NOFLOW,WAL8809.rpt
NOFLOW,WALKER.rpt
NOFLOW,WANILISTA.rpt
NOFLOW,WARDR1.rpt
NOFLOW,WARDROP2.rpt
NOFLOW,WATERSHD.rpt
NOFLOW,WAXTN.rpt
NOFLOW,WCREEK.rpt
NOFLOW,WDWF.rpt
NOFLOW,WDWFTST.rpt
NOFLOW,WEI.rpt
NOFLOW,WEIR-DN.rpt
NOFLOW,WEIR-SUB.rpt
NOFLOW,WEIR.rpt
NOFLOW,WEIR2.rpt
NOFLOW,WEIRTEST.rpt
NOFLOW,WHIT.rpt
NOFLOW,WHO97WC2.rpt
NOFLOW,WILL1.rpt
NOFLOW,WILL2.rpt
NOFLOW,WINGATE.rpt
NOFLOW,WINNEPEG.rpt
NOFLOW,WINOVER.rpt
NOFLOW,WINTRANS.rpt
NOFLOW,WJ.rpt
NOFLOW,WJZ3L.rpt
NOFLOW,WJZJJJJJ.rpt
NOFLOW,WJZSM2P9.rpt
NOFLOW,WK.rpt
NOFLOW,WOLFORD.rpt
NOFLOW,WOLFORD1.rpt
NOFLOW,WOLFORD2.rpt
NOFLOW,WOLFORD3.rpt
NOFLOW,WOLFORD4.rpt
NOFLOW,WOLFORD5.rpt
NOFLOW,WOLFRD2A.rpt
NOFLOW,WOY1.rpt
NOFLOW,WQ-DEMO.rpt
NOFLOW,WQ.rpt
NOFLOW,WQALL.rpt
NOFLOW,WQEXAML1.rpt
NOFLOW,WQTEST.rpt
NOFLOW,WQTEST1.rpt
NOFLOW,WQ_VOR~1.rpt
NOFLOW,WRCRAN.rpt
NOFLOW,WRDATA.rpt
NOFLOW,Waipahu1.rpt
NOFLOW,WiltseFlats v02.rpt
NOFLOW,WiltseFlats.rpt
NOFLOW,Woy1d.rpt
NOFLOW,Woy1d_v2.23.rpt
NOFLOW,Woy1dt.rpt
NOFLOW,XP641_01.rpt
NOFLOW,XPRUN1.rpt
NOFLOW,YOUNG.rpt
NOFLOW,YOUNG1.rpt
NOFLOW,YOUNG2.rpt
NOFLOW,YOUNG3.rpt
NOFLOW,YOUNG4.rpt
NOFLOW,Yarra8.rpt
NOFLOW,Yarra9.rpt
NOFLOW,Yarra9_v18.1.rpt
NOFLOW,adsxy.rpt
NOFLOW,after.rpt
NOFLOW,alennew.rpt
NOFLOW,allkin.rpt
NOFLOW,austin_pond.rpt
NOFLOW,autopmp.rpt
NOFLOW,autopump.rpt
NOFLOW,b11.rpt
NOFLOW,baseball.rpt
NOFLOW,basic1a.rpt
NOFLOW,basic2a.rpt
NOFLOW,bendableweirs.rpt
NOFLOW,brownew.rpt
NOFLOW,bsteele.rpt
NOFLOW,c24rate.rpt
NOFLOW,cedarhills_pipe_breach_evacuationno street.rpt
NOFLOW,coco1.rpt
NOFLOW,coh.rpt
NOFLOW,coh_v2.23.rpt
NOFLOW,coldicutt.rpt
NOFLOW,ctia_model2areas.rpt
NOFLOW,ctia_model2rev2.rpt
NOFLOW,current_modified_noponding.rpt
NOFLOW,data-2.rpt
NOFLOW,dbmp.rpt
NOFLOW,depthpump.rpt
NOFLOW,detention.rpt
NOFLOW,drunoff.rpt
NOFLOW,dynamic_head.rpt
NOFLOW,e001-2.rpt
NOFLOW,e1n.rpt
NOFLOW,evaptest.rpt
NOFLOW,example1.rpt
NOFLOW,exjuly5.rpt
NOFLOW,exq1.rpt
NOFLOW,exsaline.rpt
NOFLOW,extowq.rpt
NOFLOW,fastext.rpt
NOFLOW,fc1.rpt
NOFLOW,flxalloy.rpt
NOFLOW,force_main.rpt
NOFLOW,giles.rpt
NOFLOW,glen2.rpt
NOFLOW,glen3.rpt
NOFLOW,glen4.rpt
NOFLOW,griffith.rpt
NOFLOW,gui.rpt
NOFLOW,hchan.rpt
NOFLOW,headpmp.rpt
NOFLOW,headpmp1.rpt
NOFLOW,hhtest.rpt
NOFLOW,huff.rpt
NOFLOW,jeansim.rpt
NOFLOW,kwdw.rpt
NOFLOW,kwdw_v6.rpt
NOFLOW,largewr.rpt
NOFLOW,latestSeparation.rpt
NOFLOW,latestSeparation_v8.51.rpt
NOFLOW,leecond.rpt
NOFLOW,longrun.rpt
NOFLOW,magdy.rpt
NOFLOW,maji-2.rpt
NOFLOW,marsh.rpt
NOFLOW,minor44.rpt
NOFLOW,mod100a.rpt
NOFLOW,mod101.rpt
NOFLOW,mod102.rpt
NOFLOW,mod15.rpt
NOFLOW,mod153.rpt
NOFLOW,mod15a.rpt
NOFLOW,mod161.rpt
NOFLOW,mod161_v6.rpt
NOFLOW,mod170.rpt
NOFLOW,mod170_v6.rpt
NOFLOW,mod171.rpt
NOFLOW,mod182.rpt
NOFLOW,mod59.rpt
NOFLOW,mod59_v6.rpt
NOFLOW,mod68.rpt
NOFLOW,mod68a.rpt
NOFLOW,mod69.rpt
NOFLOW,mod70.rpt
NOFLOW,mod71.rpt
NOFLOW,mod78.rpt
NOFLOW,mod86.rpt
NOFLOW,mod87.rpt
NOFLOW,mod88.rpt
NOFLOW,mod89.rpt
NOFLOW,mod89_v5.3.rpt
NOFLOW,mod90.rpt
NOFLOW,mod90a.rpt
NOFLOW,mod91.rpt
NOFLOW,mod91a.rpt
NOFLOW,mod92.rpt
NOFLOW,mod92a.rpt
NOFLOW,mod92b.rpt
NOFLOW,mod94.rpt
NOFLOW,mod95.rpt
NOFLOW,mod97.rpt
NOFLOW,mod97_v19.1.rpt
NOFLOW,mod97_v5.3.rpt
NOFLOW,modnat.rpt
NOFLOW,n87-97.rpt
NOFLOW,n87-97_v6.rpt
NOFLOW,n87-97a.rpt
NOFLOW,n87-97a_v6.rpt
NOFLOW,n87-97b.rpt
NOFLOW,ncflood.rpt
NOFLOW,note1.rpt
NOFLOW,note1a.rpt
NOFLOW,note2a.rpt
NOFLOW,note3a.rpt
NOFLOW,overland_rating_by_depth.rpt
NOFLOW,overland_with_inlet_rating.rpt
NOFLOW,piper.rpt
NOFLOW,post_bob.rpt
NOFLOW,ra.rpt
NOFLOW,rainminn.rpt
NOFLOW,river.rpt
NOFLOW,runepa.rpt
NOFLOW,runk.rpt
NOFLOW,runofftest.rpt
NOFLOW,runr.rpt
NOFLOW,runs.rpt
NOFLOW,runta.rpt
NOFLOW,s119_test.rpt
NOFLOW,s119_test_v8.51.rpt
NOFLOW,san_antonio_five_pipe_network.rpt
NOFLOW,san_antonio_five_pipe_network_cip.rpt
NOFLOW,san_antonio_five_pipe_network_new_slip_line.rpt
NOFLOW,sansewer.rpt
NOFLOW,sbuh1.rpt
NOFLOW,shntb.rpt
NOFLOW,smallex.rpt
NOFLOW,srini.rpt
NOFLOW,static_head.rpt
NOFLOW,stormwater4a.rpt
NOFLOW,stormwater5.rpt
NOFLOW,t150real.rpt
NOFLOW,tank rupture.rpt
NOFLOW,test.rpt
NOFLOW,test_LARRY.rpt
NOFLOW,testext4.rpt
NOFLOW,testext5.rpt
NOFLOW,testext6.rpt
NOFLOW,testnew.rpt
NOFLOW,tipping.rpt
NOFLOW,trans_nc.rpt
NOFLOW,transq.rpt
NOFLOW,trqsplit.rpt
NOFLOW,userdefinedweirs.rpt
NOFLOW,vis-rr-dr.rpt
NOFLOW,vor0919.rpt
NOFLOW,w129-prtrunc.rpt
NOFLOW,weirtst.rpt
NOFLOW,y2k10.rpt
NOFLOW,y2krain.rpt
NOSECTION,10X30.rpt
NOSECTION,18POL.rpt
NOSECTION,1CAM.rpt
NOSECTION,1D-2D_LeveeBreak_Flood_Initial_m.rpt
NOSECTION,1D-2D_LeveeBreak_Flood_m.rpt
NOSECTION,1D-2D_River_Flood_m.rpt
NOSECTION,1_5RainWQ.rpt
NOSECTION,ALT1ROD.rpt
NOSECTION,ALT3-100.rpt
NOSECTION,B20ARI.rpt
NOSECTION,BASIC.rpt
NOSECTION,BIGXP1.rpt
NOSECTION,CDM.rpt
NOSECTION,CHAR.rpt
NOSECTION,CHARL.rpt
NOSECTION,CHUTE2.rpt
NOSECTION,CollapsingWeir.rpt
NOSECTION,DATA10.rpt
NOSECTION,DATA11.rpt
NOSECTION,DATA12.rpt
NOSECTION,DATA13.rpt
NOSECTION,DCHRS.rpt
NOSECTION,DEMOFILE.rpt
NOSECTION,EAST25YR.rpt
NOSECTION,EAXMPL2.rpt
NOSECTION,EMASTER.rpt
NOSECTION,ERICMW.rpt
NOSECTION,EROSBOD.rpt
NOSECTION,EXI-TB.rpt
NOSECTION,EXTUT19.rpt
NOSECTION,EXWORK3.rpt
NOSECTION,Edmonton_Master.rpt
NOSECTION,FLSRN1.rpt
NOSECTION,FONTS.rpt
NOSECTION,FORBOB.rpt
NOSECTION,FRED-001.rpt
NOSECTION,FRESH.rpt
NOSECTION,GRND4GAU.rpt
NOSECTION,GWNODE.rpt
NOSECTION,Gwnode1.rpt
NOSECTION,HEL2.rpt
NOSECTION,HH-Exist-1_5rainWQ.rpt
NOSECTION,HOSEINT.rpt
NOSECTION,HPG1.rpt
NOSECTION,ICLOSS.rpt
NOSECTION,ICPOND.rpt
NOSECTION,INLET.rpt
NOSECTION,JOHN1.rpt
NOSECTION,JOHN1A.rpt
NOSECTION,KELLEY.rpt
NOSECTION,KIL1.rpt
NOSECTION,KIL2.rpt
NOSECTION,KIL3.rpt
NOSECTION,KILMAR.rpt
NOSECTION,KILMAR_v1.01.rpt
NOSECTION,LAIETST.rpt
NOSECTION,LAMB2.rpt
NOSECTION,LONGDA2.rpt
NOSECTION,LONGDA3.rpt
NOSECTION,M18-1D2D Culvert_Start_final.rpt
NOSECTION,M18-1D2D Culvert_complete_final.rpt
NOSECTION,MAIRUN.rpt
NOSECTION,MANDROP.rpt
NOSECTION,MARKET.rpt
NOSECTION,MARKETST.rpt
NOSECTION,MASTER.rpt
NOSECTION,MCCUEN.rpt
NOSECTION,MCCUEN_v1.01.rpt
NOSECTION,MMASTER.rpt
NOSECTION,MOD5.rpt
NOSECTION,MOD5_v1.52.rpt
NOSECTION,My_San_2.rpt
NOSECTION,My_San_3.rpt
NOSECTION,My_San_4.rpt
NOSECTION,My_San_5.rpt
NOSECTION,My_San_Calibrated.rpt
NOSECTION,NEW1.rpt
NOSECTION,NEWERASC.rpt
NOSECTION,NEWFILE.rpt
NOSECTION,P2ULT-GO.rpt
NOSECTION,PBSF.rpt
NOSECTION,PEBBLA13.rpt
NOSECTION,PEBBLA13_v1.01.rpt
NOSECTION,PEBBLE13.rpt
NOSECTION,PEBBLE13_v1.01.rpt
NOSECTION,PJSJ11.rpt
NOSECTION,POOLE.rpt
NOSECTION,POOLE2.rpt
NOSECTION,PROSEX1.rpt
NOSECTION,RAFTEST2.rpt
NOSECTION,RN1.rpt
NOSECTION,RNDATA.rpt
NOSECTION,RNTALL.rpt
NOSECTION,RNW20.rpt
NOSECTION,RUN1XP.rpt
NOSECTION,RUN26.rpt
NOSECTION,RUN7.rpt
NOSECTION,RUN8.rpt
NOSECTION,RUNOFF1.rpt
NOSECTION,Rational_method.rpt
NOSECTION,SCS Storms.rpt
NOSECTION,SCSSF.rpt
NOSECTION,SNAIL.rpt
NOSECTION,SNOWJ1.rpt
NOSECTION,STATS2.rpt
NOSECTION,STB3.rpt
NOSECTION,STPETE.rpt
NOSECTION,STPETE2.rpt
NOSECTION,STPETE2_v1.01.rpt
NOSECTION,SW14.rpt
NOSECTION,SWDAT14.rpt
NOSECTION,SWFWMD.rpt
NOSECTION,SWRUN1.rpt
NOSECTION,Saskatoon_Master.rpt
NOSECTION,T1.rpt
NOSECTION,T2.rpt
NOSECTION,TANNER2.rpt
NOSECTION,TBELLA.rpt
NOSECTION,TC.rpt
NOSECTION,TEMPE2.rpt
NOSECTION,TEMPE3.rpt
NOSECTION,TEMPE4.rpt
NOSECTION,TEST2.rpt
NOSECTION,TEST2EXT.rpt
NOSECTION,TEST2SWM.rpt
NOSECTION,TESTEXT2.rpt
NOSECTION,TGAB913.rpt
NOSECTION,TPA.rpt
NOSECTION,TPR1_60E.rpt
NOSECTION,TRLOSS.rpt
NOSECTION,TYLER1.rpt
NOSECTION,TYLER1_v2.23.rpt
NOSECTION,Testext2A.rpt
NOSECTION,VERTICAL.rpt
NOSECTION,WARDROP0.rpt
NOSECTION,WARDROP1.rpt
NOSECTION,WESTLAK1.rpt
NOSECTION,WESTON.rpt
NOSECTION,WETPOND.rpt
NOSECTION,WOOLLY.rpt
NOSECTION,WRESX2.rpt
NOSECTION,charl_mydata.rpt
NOSECTION,cityofsurrey_master.rpt
NOSECTION,cypresscrk.rpt
NOSECTION,datHHa.rpt
NOSECTION,data.rpt
NOSECTION,datax.rpt
NOSECTION,eastnew.rpt
NOSECTION,french drain.rpt
NOSECTION,geopak_master.rpt
NOSECTION,golf_community.rpt
NOSECTION,markinl.rpt
NOSECTION,mchenrn.rpt
NOSECTION,mod23.rpt
NOSECTION,mod23_v5.1.rpt
NOSECTION,mod23a.rpt
NOSECTION,mod78a.rpt
NOSECTION,mod96.rpt
NOSECTION,mod96a.rpt
NOSECTION,mod96b.rpt
NOSECTION,mydata.rpt
NOSECTION,ponds.rpt
NOSECTION,rnlms.rpt
NOSECTION,roralsun.rpt
NOSECTION,settling wave.rpt
NOSECTION,temp.rpt
NOSECTION,ursrain.rpt
NOSECTION,variable_speed.rpt
