category,file,detail
ERROR,"18POL.rpt","ERROR 211: invalid number  at line 72 of [XSECT] section:"
ERROR,"BIGXP1.rpt","ERROR 211: invalid number  at line 56 of [XSECT] section:"
ERROR,"CollapsingWeir.rpt","ERROR 235: invalid infiltration parameters at line 94 of [INFIL] section:"
ERROR,"DATA11.rpt","ERROR 211: invalid number  at line 66 of [XSECT] section:"
ERROR,"DATA12.rpt","ERROR 211: invalid number  at line 66 of [XSECT] section:"
ERROR,"DATA13.rpt","ERROR 211: invalid number  at line 73 of [XSECT] section:"
ERROR,"EAXMPL2.rpt","ERROR 211: invalid number  at line 75 of [XSECT] section:"
ERROR,"ERICMW.rpt","ERROR 211: invalid number  at line 407 of [XSECT] section:"
ERROR,"EROSBOD.rpt","ERROR 211: invalid number  at line 52 of [XSECT] section:"
ERROR,"EXWORK3.rpt","ERROR 211: invalid number  at line 59 of [XSECT] section:"
ERROR,"FRED-001.rpt","ERROR 211: invalid number  at line 52 of [XSECT] section:"
ERROR,"GRND4GAU.rpt","ERROR 211: invalid number  at line 66 of [XSECT] section:"
ERROR,"GWNODE.rpt","ERROR 211: invalid number  at line 50 of [XSECT] section:"
ERROR,"Gwnode1.rpt","ERROR 211: invalid number  at line 52 of [XSECT] section:"
ERROR,"KIL1.rpt","ERROR 211: invalid number  at line 222 of [XSECT] section:"
ERROR,"KIL2.rpt","ERROR 211: invalid number  at line 222 of [XSECT] section:"
ERROR,"KIL3.rpt","ERROR 211: invalid number  at line 453 of [XSECT] section:"
ERROR,"KILMAR.rpt","ERROR 211: invalid number  at line 375 of [XSECT] section:"
ERROR,"KILMAR_v1.01.rpt","ERROR 211: invalid number  at line 374 of [XSECT] section:"
ERROR,"MANDROP.rpt","ERROR 211: invalid number  at line 56 of [XSECT] section:"
ERROR,"MCCUEN.rpt","ERROR 211: invalid number  at line 52 of [XSECT] section:"
ERROR,"MCCUEN_v1.01.rpt","ERROR 211: invalid number  at line 52 of [XSECT] section:"
ERROR,"PEBBLA13.rpt","ERROR 211: invalid number  at line 88 of [XSECT] section:"
ERROR,"PEBBLA13_v1.01.rpt","ERROR 211: invalid number  at line 88 of [XSECT] section:"
ERROR,"PEBBLE13.rpt","ERROR 211: invalid number  at line 88 of [XSECT] section:"
ERROR,"PEBBLE13_v1.01.rpt","ERROR 211: invalid number  at line 88 of [XSECT] section:"
ERROR,"RN1.rpt","ERROR 211: invalid number  at line 66 of [XSECT] section:"
ERROR,"RUN1XP.rpt","ERROR 211: invalid number  at line 66 of [XSECT] section:"
ERROR,"RUN26.rpt","ERROR 211: invalid number  at line 66 of [XSECT] section:"
ERROR,"RUN7.rpt","ERROR 211: invalid number  at line 56 of [XSECT] section:"
ERROR,"RUN8.rpt","ERROR 211: invalid number  at line 66 of [XSECT] section:"
ERROR,"RUNOFF1.rpt","ERROR 211: invalid number  at line 68 of [XSECT] section:"
ERROR,"STPETE.rpt","ERROR 211: invalid number  at line 72 of [XSECT] section:"
ERROR,"STPETE2.rpt","ERROR 211: invalid number  at line 74 of [XSECT] section:"
ERROR,"STPETE2_v1.01.rpt","ERROR 211: invalid number  at line 74 of [XSECT] section:"
ERROR,"SW14.rpt","ERROR 211: invalid number  at line 75 of [XSECT] section:"
ERROR,"SWDAT14.rpt","ERROR 211: invalid number  at line 75 of [XSECT] section:"
ERROR,"T2.rpt","ERROR 211: invalid number  at line 75 of [XSECT] section:"
ERROR,"TANNER2.rpt","ERROR 211: invalid number  at line 185 of [XSECT] section:"
ERROR,"TBELLA.rpt","ERROR 211: invalid number  at line 74 of [XSECT] section:"
ERROR,"TEMPE2.rpt","ERROR 211: invalid number  at line 65 of [XSECT] section:"
ERROR,"TEMPE3.rpt","ERROR 211: invalid number  at line 73 of [XSECT] section:"
ERROR,"TEMPE4.rpt","ERROR 211: invalid number  at line 72 of [XSECT] section:"
ERROR,"TEST2.rpt","ERROR 211: invalid number  at line 77 of [XSECT] section:"
ERROR,"TEST2EXT.rpt","ERROR 211: invalid number  at line 78 of [XSECT] section:"
ERROR,"TEST2SWM.rpt","ERROR 211: invalid number  at line 78 of [XSECT] section:"
ERROR,"TESTEXT2.rpt","ERROR 211: invalid number  at line 77 of [XSECT] section:"
ERROR,"TPR1_60E.rpt","ERROR 211: invalid number  at line 516 of [XSECT] section:"
ERROR,"Testext2A.rpt","ERROR 211: invalid number  at line 78 of [XSECT] section:"
ERROR,"VERTICAL.rpt","ERROR 211: invalid number  at line 58 of [XSECT] section:"
ERROR,"WESTON.rpt","ERROR 211: invalid number  at line 56 of [XSECT] section:"
ERROR,"WETPOND.rpt","ERROR 211: invalid number  at line 54 of [XSECT] section:"
ERROR,"WRESX2.rpt","ERROR 211: invalid number  at line 77 of [XSECT] section:"
ERROR,"french drain.rpt","ERROR 211: invalid number  at line 74 of [XSECT] section:"
ERROR,"mod23.rpt","ERROR 211: invalid number  at line 77 of [XSECT] section:"
ERROR,"mod23_v5.1.rpt","ERROR 211: invalid number  at line 77 of [XSECT] section:"
ERROR,"mod23a.rpt","ERROR 211: invalid number  at line 77 of [XSECT] section:"
ERROR,"mod78a.rpt","ERROR 211: invalid number  at line 77 of [XSECT] section:"
ERROR,"mod96.rpt","ERROR 211: invalid number  at line 77 of [XSECT] section:"
ERROR,"mod96a.rpt","ERROR 211: invalid number  at line 77 of [XSECT] section:"
ERROR,"mod96b.rpt","ERROR 211: invalid number  at line 77 of [XSECT] section:"
ERROR,"variable_speed.rpt","ERROR 211: invalid number  at line 77 of [XSECT] section:"
HAS_FLOW,"01WET.rpt",""
HAS_FLOW,"0308.rpt",""
HAS_FLOW,"031000.rpt",""
HAS_FLOW,"031000_v6.rpt",""
HAS_FLOW,"050722_ALL_Updated2_Upper.rpt",""
HAS_FLOW,"06-1796J.rpt",""
HAS_FLOW,"0619.rpt",""
HAS_FLOW,"072798.rpt",""
HAS_FLOW,"10-exist1.rpt",""
HAS_FLOW,"100-12.rpt",""
HAS_FLOW,"100-12I.rpt",""
HAS_FLOW,"100-12r.rpt",""
HAS_FLOW,"100Y.rpt",""
HAS_FLOW,"100YR.rpt",""
HAS_FLOW,"100_minn_low_lev10rev.rpt",""
HAS_FLOW,"100y8h.rpt",""
HAS_FLOW,"100yr24hr_prop.rpt",""
HAS_FLOW,"100yrhec1.rpt",""
HAS_FLOW,"100yrpphec1.rpt",""
HAS_FLOW,"100yrpphec1_test1.rpt",""
HAS_FLOW,"1019.rpt",""
HAS_FLOW,"1019A.rpt",""
HAS_FLOW,"1019taa re5yr cselrev.rpt",""
HAS_FLOW,"10POLUTE.rpt",""
HAS_FLOW,"10WS_1DS.rpt",""
HAS_FLOW,"10X30.rpt",""
HAS_FLOW,"10YR.rpt",""
HAS_FLOW,"10YR1314.rpt",""
HAS_FLOW,"10YR15.rpt",""
HAS_FLOW,"10YRTUNL.rpt",""
HAS_FLOW,"11-09NL.rpt",""
HAS_FLOW,"1135fu.rpt",""
HAS_FLOW,"11411-1.rpt",""
HAS_FLOW,"11411-1A.rpt",""
HAS_FLOW,"11411-2.rpt",""
HAS_FLOW,"1226.rpt",""
HAS_FLOW,"1226_v2.04.rpt",""
HAS_FLOW,"1CAM.rpt",""
HAS_FLOW,"1D Model.rpt",""
HAS_FLOW,"1D-2D_River_starter.rpt",""
HAS_FLOW,"1D-2D_Urban_Flood_Pond_m.rpt",""
HAS_FLOW,"1D-2D_Urban_Flood_buildings_m.rpt",""
HAS_FLOW,"1D-2D_Urban_Flood_m.rpt",""
HAS_FLOW,"1D-2D_Urban_Rain_Grid_m.rpt",""
HAS_FLOW,"1D2D_Urban_completed.rpt",""
HAS_FLOW,"1D2D_Urban_completed_buildings.rpt",""
HAS_FLOW,"1D2D_Urban_completed_buildings_Pond_mitigation.rpt",""
HAS_FLOW,"1D2D_Urban_starter_model.rpt",""
HAS_FLOW,"1N40.rpt",""
HAS_FLOW,"1NS-HCAICE.rpt",""
HAS_FLOW,"1NwNPS2100yr.rpt",""
HAS_FLOW,"1SedimentPond.rpt",""
HAS_FLOW,"1_5RainWQ.rpt",""
HAS_FLOW,"1year.rpt",""
HAS_FLOW,"2-hyd-1.rpt",""
HAS_FLOW,"2-hyd-2.rpt",""
HAS_FLOW,"2-st-1.rpt",""
HAS_FLOW,"2-st-2.rpt",""
HAS_FLOW,"23307100.rpt",""
HAS_FLOW,"25PSTDV11.rpt",""
HAS_FLOW,"25PSTDV12.rpt",""
HAS_FLOW,"25yrpphec1_test1.rpt",""
HAS_FLOW,"29STREET.rpt",""
HAS_FLOW,"29STREET_v1.01.rpt",""
HAS_FLOW,"29STREET_v1.01_v1.01.rpt",""
HAS_FLOW,"2E-v1.rpt",""
HAS_FLOW,"2OWSH2.rpt",""
HAS_FLOW,"3YEAR.rpt",""
HAS_FLOW,"414.rpt",""
HAS_FLOW,"414BOB.rpt",""
HAS_FLOW,"414FF.rpt",""
HAS_FLOW,"414S.rpt",""
HAS_FLOW,"414a.rpt",""
HAS_FLOW,"414b.rpt",""
HAS_FLOW,"414c.rpt",""
HAS_FLOW,"414ss.rpt",""
HAS_FLOW,"416.rpt",""
HAS_FLOW,"418T2D1.rpt",""
HAS_FLOW,"420LP.rpt",""
HAS_FLOW,"422T2D1.rpt",""
HAS_FLOW,"422X1.rpt",""
HAS_FLOW,"422x.rpt",""
HAS_FLOW,"428T2D1.rpt",""
HAS_FLOW,"4A.rpt",""
HAS_FLOW,"50yrpphec1_test1.rpt",""
HAS_FLOW,"58301.rpt",""
HAS_FLOW,"583011.rpt",""
HAS_FLOW,"583012.rpt",""
HAS_FLOW,"583013.rpt",""
HAS_FLOW,"59th_100i.rpt",""
HAS_FLOW,"59th_10e.rpt",""
HAS_FLOW,"59th_10i.rpt",""
HAS_FLOW,"5N20.rpt",""
HAS_FLOW,"5N20_v1.01.rpt",""
HAS_FLOW,"6MO-WWF.rpt",""
HAS_FLOW,"6_FARM.rpt",""
HAS_FLOW,"721IP.rpt",""
HAS_FLOW,"77DENISC.rpt",""
HAS_FLOW,"77SPMAPR.rpt",""
HAS_FLOW,"77denisD.rpt",""
HAS_FLOW,"77denisa.rpt",""
HAS_FLOW,"7WST1.rpt",""
HAS_FLOW,"8_link.rpt",""
HAS_FLOW,"97SEP.rpt",""
HAS_FLOW,"98058hec1.rpt",""
HAS_FLOW,"98058pr1-nn.rpt",""
HAS_FLOW,"9d15shorttnl2.rpt",""
HAS_FLOW,"A-T.rpt",""
HAS_FLOW,"AB.rpt",""
HAS_FLOW,"ADSENV.rpt",""
HAS_FLOW,"AGANDE.rpt",""
HAS_FLOW,"ALEN10A5.rpt",""
HAS_FLOW,"ALEN10A7.rpt",""
HAS_FLOW,"ALENNEW1.rpt",""
HAS_FLOW,"ALENSMLL.rpt",""
HAS_FLOW,"ALL3LAY.rpt",""
HAS_FLOW,"ALL3LAYERS.rpt",""
HAS_FLOW,"ALL3MET.rpt",""
HAS_FLOW,"ALL9BOB.rpt",""
HAS_FLOW,"ALLAN.rpt",""
HAS_FLOW,"ALLEN.rpt",""
HAS_FLOW,"ALLEN1.rpt",""
HAS_FLOW,"ALLEN9BO.rpt",""
HAS_FLOW,"ALLEN9M.rpt",""
HAS_FLOW,"ALLENS.rpt",""
HAS_FLOW,"ALLORF.rpt",""
HAS_FLOW,"ALLRUN.rpt",""
HAS_FLOW,"ALLTUT6.rpt",""
HAS_FLOW,"ALLTUT6A.rpt",""
HAS_FLOW,"ALLTUT7.rpt",""
HAS_FLOW,"ALLTUT7A.rpt",""
HAS_FLOW,"ALLTUT8.rpt",""
HAS_FLOW,"ALLTUT81.rpt",""
HAS_FLOW,"ALLTUT82.rpt",""
HAS_FLOW,"ALLTUT83.rpt",""
HAS_FLOW,"ALLTUT84.rpt",""
HAS_FLOW,"ALLTUT85.rpt",""
HAS_FLOW,"ALLTUT86.rpt",""
HAS_FLOW,"ALLTUT87.rpt",""
HAS_FLOW,"ALLTUT88.rpt",""
HAS_FLOW,"ALLTUT89.rpt",""
HAS_FLOW,"ALLTUT8A.rpt",""
HAS_FLOW,"ALLTUT8B.rpt",""
HAS_FLOW,"ALLTUT8C.rpt",""
HAS_FLOW,"ALLWEIR.rpt",""
HAS_FLOW,"ALT1.rpt",""
HAS_FLOW,"ALT2.rpt",""
HAS_FLOW,"ALT3-100.rpt",""
HAS_FLOW,"ALT3.rpt",""
HAS_FLOW,"ALVISO.rpt",""
HAS_FLOW,"ALVSEW1.rpt",""
HAS_FLOW,"ALVSEWER.rpt",""
HAS_FLOW,"ANGELOS.rpt",""
HAS_FLOW,"AREA91.rpt",""
HAS_FLOW,"ARTEST2.rpt",""
HAS_FLOW,"ATTEN.rpt",""
HAS_FLOW,"ATTENA.rpt",""
HAS_FLOW,"ATTENA1.rpt",""
HAS_FLOW,"ATTENT.rpt",""
HAS_FLOW,"AUG5TO8.rpt",""
HAS_FLOW,"A_layoutdemo.rpt",""
HAS_FLOW,"A_layoutdemo_v18.1.rpt",""
HAS_FLOW,"Allen9a.rpt",""
HAS_FLOW,"Alt1asa.rpt",""
HAS_FLOW,"Alt2a.rpt",""
HAS_FLOW,"B15CWRD.rpt",""
HAS_FLOW,"B1F-D-PA.rpt",""
HAS_FLOW,"BACKT.rpt",""
HAS_FLOW,"BASE25YR.rpt",""
HAS_FLOW,"BASEALL2.rpt",""
HAS_FLOW,"BASIC2.rpt",""
HAS_FLOW,"BASIC3.rpt",""
HAS_FLOW,"BASIC4.rpt",""
HAS_FLOW,"BASICWQ5.rpt",""
HAS_FLOW,"BASIN.rpt",""
HAS_FLOW,"BASKET.rpt",""
HAS_FLOW,"BAYOUC.rpt",""
HAS_FLOW,"BB1.rpt",""
HAS_FLOW,"BCUPPER.rpt",""
HAS_FLOW,"BDARDEN.rpt",""
HAS_FLOW,"BDRY1.rpt",""
HAS_FLOW,"BENDDOWN.rpt",""
HAS_FLOW,"BENDING.rpt",""
HAS_FLOW,"BENDWEIR.rpt",""
HAS_FLOW,"BETARE.rpt",""
HAS_FLOW,"BETARTE.rpt",""
HAS_FLOW,"BIGDROP1.rpt",""
HAS_FLOW,"BINHONG.rpt",""
HAS_FLOW,"BIRMHM3.rpt",""
HAS_FLOW,"BLAKE.rpt",""
HAS_FLOW,"BOB.rpt",""
HAS_FLOW,"BOBSCS.rpt",""
HAS_FLOW,"BOXP2.rpt",""
HAS_FLOW,"BOXP2_v2.2.rpt",""
HAS_FLOW,"BRIDGE.rpt",""
HAS_FLOW,"BRIDGE1.rpt",""
HAS_FLOW,"BROWNEW1.rpt",""
HAS_FLOW,"BROWNEW2.rpt",""
HAS_FLOW,"BRYAN.rpt",""
HAS_FLOW,"BTEMP.rpt",""
HAS_FLOW,"BUG1.rpt",""
HAS_FLOW,"Base(2).rpt",""
HAS_FLOW,"Base.rpt",""
HAS_FLOW,"Bendable.rpt",""
HAS_FLOW,"C-1-100Y-1175_ST10_D_cdm.rpt",""
HAS_FLOW,"C-1-100Y-1175_ST10_F_D_cdm.rpt",""
HAS_FLOW,"C-1-75-SYNTH_B_newcdm.rpt",""
HAS_FLOW,"C-1-75-SYNTH_F_B_newcdm_newcdm_cdm.rpt",""
HAS_FLOW,"C-102-6-.rpt",""
HAS_FLOW,"C-102C0N.rpt",""
HAS_FLOW,"C102-100Y_1400m_F_2_cdm.rpt",""
HAS_FLOW,"C102-100y-2.rpt",""
HAS_FLOW,"C102_75_SYNTH-2_cdm.rpt",""
HAS_FLOW,"C102_75_SYNTH_F_2_cdm.rpt",""
HAS_FLOW,"C103-FC-.rpt",""
HAS_FLOW,"C103-FC-NC_100Y_1279m_cdm.rpt",""
HAS_FLOW,"C103_100Y_72H_cdm.rpt",""
HAS_FLOW,"C103_FC_NC_75_SYNTH_F_cdm.rpt",""
HAS_FLOW,"C103_FC_NC_75_SYNTH_cdm.rpt",""
HAS_FLOW,"C240004.rpt",""
HAS_FLOW,"C240004X.rpt",""
HAS_FLOW,"C240004Y.rpt",""
HAS_FLOW,"C24BOB1.rpt",""
HAS_FLOW,"C24BOB2.rpt",""
HAS_FLOW,"C24BOBNO.rpt",""
HAS_FLOW,"C24BOBS1.rpt",""
HAS_FLOW,"C24BOBS2.rpt",""
HAS_FLOW,"C24BOBSI.rpt",""
HAS_FLOW,"C24BOBTR.rpt",""
HAS_FLOW,"C24BOBX.rpt",""
HAS_FLOW,"C24bob.rpt",""
HAS_FLOW,"C24boby.rpt",""
HAS_FLOW,"C7-100_2.rpt",""
HAS_FLOW,"C7_WQ.rpt",""
HAS_FLOW,"C7_WQ1.rpt",""
HAS_FLOW,"C7_WQ2.rpt",""
HAS_FLOW,"C7_WQ3.rpt",""
HAS_FLOW,"C7_WQA.rpt",""
HAS_FLOW,"C7_wqa1.rpt",""
HAS_FLOW,"C8FREE.rpt",""
HAS_FLOW,"C8SMALL.rpt",""
HAS_FLOW,"C8_100.rpt",""
HAS_FLOW,"C8_100A.rpt",""
HAS_FLOW,"C8_100B.rpt",""
HAS_FLOW,"C8_TEST.rpt",""
HAS_FLOW,"C9-W2.rpt",""
HAS_FLOW,"CALDUM.rpt",""
HAS_FLOW,"CALIBR.rpt",""
HAS_FLOW,"CALIBRAT.rpt",""
HAS_FLOW,"CALTEX.rpt",""
HAS_FLOW,"CAPITAL.rpt",""
HAS_FLOW,"CAP_42.rpt",""
HAS_FLOW,"CAP_NOGG.rpt",""
HAS_FLOW,"CASE10.rpt",""
HAS_FLOW,"CAV2.rpt",""
HAS_FLOW,"CDDRAI~1.rpt",""
HAS_FLOW,"CDM.rpt",""
HAS_FLOW,"CDMEXIST.rpt",""
HAS_FLOW,"CE.rpt",""
HAS_FLOW,"CEI3Y.rpt",""
HAS_FLOW,"CFBBASE.rpt",""
HAS_FLOW,"CFC5.rpt",""
HAS_FLOW,"CHAN-ST1.rpt",""
HAS_FLOW,"CHAP10A.rpt",""
HAS_FLOW,"CHAP10B.rpt",""
HAS_FLOW,"CHAP10D.rpt",""
HAS_FLOW,"CHAP10E.rpt",""
HAS_FLOW,"CHAP10F.rpt",""
HAS_FLOW,"CHECK.rpt",""
HAS_FLOW,"CHECK1.rpt",""
HAS_FLOW,"CHECK1A.rpt",""
HAS_FLOW,"CHECK1B.rpt",""
HAS_FLOW,"CHECK1C.rpt",""
HAS_FLOW,"CHILE.rpt",""
HAS_FLOW,"CHILE1.rpt",""
HAS_FLOW,"CHOO1.rpt",""
HAS_FLOW,"CHOO2.rpt",""
HAS_FLOW,"CHRIS.rpt",""
HAS_FLOW,"CHRIS1.rpt",""
HAS_FLOW,"CHUTE.rpt",""
HAS_FLOW,"CHUTEA.rpt",""
HAS_FLOW,"CHUTEN.rpt",""
HAS_FLOW,"CID1.rpt",""
HAS_FLOW,"CLAY.rpt",""
HAS_FLOW,"CM4.rpt",""
HAS_FLOW,"CMD-ANL1.rpt",""
HAS_FLOW,"CMD-ANL1_v5.5.rpt",""
HAS_FLOW,"CNTNTY.rpt",""
HAS_FLOW,"CO.rpt",""
HAS_FLOW,"COCO.rpt",""
HAS_FLOW,"COCOMAR.rpt",""
HAS_FLOW,"COCONEW.rpt",""
HAS_FLOW,"COCORNF.rpt",""
HAS_FLOW,"COHSML.rpt",""
HAS_FLOW,"COLLEGE.rpt",""
HAS_FLOW,"COLLEGE6.rpt",""
HAS_FLOW,"COLONIAL.rpt",""
HAS_FLOW,"COMB.rpt",""
HAS_FLOW,"COMBER1.rpt",""
HAS_FLOW,"COMBER2.rpt",""
HAS_FLOW,"COMBER3.rpt",""
HAS_FLOW,"COMBO.rpt",""
HAS_FLOW,"COMBTST.rpt",""
HAS_FLOW,"CONFUS.rpt",""
HAS_FLOW,"COOK-XPH.rpt",""
HAS_FLOW,"CORP.rpt",""
HAS_FLOW,"CORP2.rpt",""
HAS_FLOW,"COWRA2.rpt",""
HAS_FLOW,"COWRA5.rpt",""
HAS_FLOW,"COWRA51.rpt",""
HAS_FLOW,"COWRABD.rpt",""
HAS_FLOW,"CPTR54.rpt",""
HAS_FLOW,"CRW-JL80.rpt",""
HAS_FLOW,"CRW-JL81.rpt",""
HAS_FLOW,"CRWSMAL1.rpt",""
HAS_FLOW,"CRWSMALL.rpt",""
HAS_FLOW,"CS5YR01.rpt",""
HAS_FLOW,"CSO015.rpt",""
HAS_FLOW,"CSO13A14.rpt",""
HAS_FLOW,"CSO_SMPL.rpt",""
HAS_FLOW,"CSUL00SN.rpt",""
HAS_FLOW,"CSUL00SN_v2.04.rpt",""
HAS_FLOW,"CT.rpt",""
HAS_FLOW,"CTIA_EXI.rpt",""
HAS_FLOW,"CULCOV.rpt",""
HAS_FLOW,"CULV1.rpt",""
HAS_FLOW,"CULV2.rpt",""
HAS_FLOW,"CULVERT.rpt",""
HAS_FLOW,"CVOCSO.rpt",""
HAS_FLOW,"CVOMOD1.rpt",""
HAS_FLOW,"CVOMODEL.rpt",""
HAS_FLOW,"CWCD.rpt",""
HAS_FLOW,"CWEST5B.rpt",""
HAS_FLOW,"Casey10yr.rpt",""
HAS_FLOW,"Chap10.rpt",""
HAS_FLOW,"Check2.rpt",""
HAS_FLOW,"Chute1.rpt",""
HAS_FLOW,"Clydewood01.rpt",""
HAS_FLOW,"Clydewood02.rpt",""
HAS_FLOW,"Combo(100yr861ex).rpt",""
HAS_FLOW,"Cso37cal.rpt",""
HAS_FLOW,"Cw2bb.rpt",""
HAS_FLOW,"D100y.rpt",""
HAS_FLOW,"DALLAS.rpt",""
HAS_FLOW,"DAMBREAK.rpt",""
HAS_FLOW,"DAMPER.rpt",""
HAS_FLOW,"DAMS.rpt",""
HAS_FLOW,"DAMS_v1.01.rpt",""
HAS_FLOW,"DAT.rpt",""
HAS_FLOW,"DATA1.rpt",""
HAS_FLOW,"DATA14.rpt",""
HAS_FLOW,"DATA2.rpt",""
HAS_FLOW,"DATA20.rpt",""
HAS_FLOW,"DATA3.rpt",""
HAS_FLOW,"DATA4.rpt",""
HAS_FLOW,"DATAN.rpt",""
HAS_FLOW,"DC48-XE.rpt",""
HAS_FLOW,"DCHRS.rpt",""
HAS_FLOW,"DDSWMM_example.rpt",""
HAS_FLOW,"DETAIL12.rpt",""
HAS_FLOW,"DETAIL51.rpt",""
HAS_FLOW,"DETMATT.rpt",""
HAS_FLOW,"DID.rpt",""
HAS_FLOW,"DJR.rpt",""
HAS_FLOW,"DL14.rpt",""
HAS_FLOW,"DOUBLE.rpt",""
HAS_FLOW,"DR75A.rpt",""
HAS_FLOW,"DRAIN.rpt",""
HAS_FLOW,"DRCRK-X.rpt",""
HAS_FLOW,"DROP.rpt",""
HAS_FLOW,"DROP1.rpt",""
HAS_FLOW,"DROP2.rpt",""
HAS_FLOW,"DROP2A.rpt",""
HAS_FLOW,"DRY.rpt",""
HAS_FLOW,"DSL2H.rpt",""
HAS_FLOW,"DSN4-100.rpt",""
HAS_FLOW,"DUBBOCUL.rpt",""
HAS_FLOW,"DUCKS.rpt",""
HAS_FLOW,"DUCKS1.rpt",""
HAS_FLOW,"DUMMTEST.rpt",""
HAS_FLOW,"DWFMAST.rpt",""
HAS_FLOW,"DWFMAST0.rpt",""
HAS_FLOW,"DWFMAST1.rpt",""
HAS_FLOW,"DWFMAST2.rpt",""
HAS_FLOW,"DWFTEST.rpt",""
HAS_FLOW,"DWFTEST1.rpt",""
HAS_FLOW,"DWFTUT.rpt",""
HAS_FLOW,"DWFTUT1.rpt",""
HAS_FLOW,"DWFTUTWQ.rpt",""
HAS_FLOW,"DWOOD.rpt",""
HAS_FLOW,"DWOOD1.rpt",""
HAS_FLOW,"DYPUMP.rpt",""
HAS_FLOW,"Design.rpt",""
HAS_FLOW,"Design1.rpt",""
HAS_FLOW,"Design2.rpt",""
HAS_FLOW,"Design3.rpt",""
HAS_FLOW,"Design4.rpt",""
HAS_FLOW,"Detail54.rpt",""
HAS_FLOW,"Detentionpond.rpt",""
HAS_FLOW,"Dntwnstm.rpt",""
HAS_FLOW,"Dntwnstm_v2.2.rpt",""
HAS_FLOW,"E-TYPD.rpt",""
HAS_FLOW,"E-TYPD_v5.1.rpt",""
HAS_FLOW,"E1580ZDG.rpt",""
HAS_FLOW,"E1N-test.rpt",""
HAS_FLOW,"E1NBAK.rpt",""
HAS_FLOW,"E33L1F3.rpt",""
HAS_FLOW,"E33L25P1.rpt",""
HAS_FLOW,"E33L25P5.rpt",""
HAS_FLOW,"E33L25P9.rpt",""
HAS_FLOW,"E6MQDIAG.rpt",""
HAS_FLOW,"E80NDEMC.rpt",""
HAS_FLOW,"EAST.rpt",""
HAS_FLOW,"EAST10.rpt",""
HAS_FLOW,"EAST25YR.rpt",""
HAS_FLOW,"EASTDITC.rpt",""
HAS_FLOW,"EASTMODE.rpt",""
HAS_FLOW,"EASTSALE.rpt",""
HAS_FLOW,"EASTTEMP.rpt",""
HAS_FLOW,"EASTWWF2.rpt",""
HAS_FLOW,"EDDIE2.rpt",""
HAS_FLOW,"EDFAST.rpt",""
HAS_FLOW,"EDSYPH1.rpt",""
HAS_FLOW,"EDWARDS8.rpt",""
HAS_FLOW,"EL25K3N.rpt",""
HAS_FLOW,"EL25K3NH.rpt",""
HAS_FLOW,"EL25QK3D.rpt",""
HAS_FLOW,"ELCOMB.rpt",""
HAS_FLOW,"ELEANOR.rpt",""
HAS_FLOW,"ELEANOR_v6.rpt",""
HAS_FLOW,"ELMCREEK.rpt",""
HAS_FLOW,"EM0331.rpt",""
HAS_FLOW,"EMCWQ.rpt",""
HAS_FLOW,"EMCWQ1.rpt",""
HAS_FLOW,"ER42403R.rpt",""
HAS_FLOW,"ERASE3.rpt",""
HAS_FLOW,"ERASE_EA.rpt",""
HAS_FLOW,"ERODE.rpt",""
HAS_FLOW,"ERPONDS.rpt",""
HAS_FLOW,"ESTERO C.rpt",""
HAS_FLOW,"EX-98058.rpt",""
HAS_FLOW,"EX-NYA~1.rpt",""
HAS_FLOW,"EX-hec1.rpt",""
HAS_FLOW,"EX25MRTZ.rpt",""
HAS_FLOW,"EX4.rpt",""
HAS_FLOW,"EX5.rpt",""
HAS_FLOW,"EX7.rpt",""
HAS_FLOW,"EX8.rpt",""
HAS_FLOW,"EX9.rpt",""
HAS_FLOW,"EXAM10.rpt",""
HAS_FLOW,"EXAM2.rpt",""
HAS_FLOW,"EXAM2A.rpt",""
HAS_FLOW,"EXAM2AA.rpt",""
HAS_FLOW,"EXAM80.rpt",""
HAS_FLOW,"EXAM80A.rpt",""
HAS_FLOW,"EXAM9.rpt",""
HAS_FLOW,"EXEVAP.rpt",""
HAS_FLOW,"EXI-TB.rpt",""
HAS_FLOW,"EXINT.rpt",""
HAS_FLOW,"EXINT1.rpt",""
HAS_FLOW,"EXIST-10.rpt",""
HAS_FLOW,"EXIST.rpt",""
HAS_FLOW,"EXIST2.rpt",""
HAS_FLOW,"EXIST_4.rpt",""
HAS_FLOW,"EXMGD1.rpt",""
HAS_FLOW,"EXQ2.rpt",""
HAS_FLOW,"EXQ2A.rpt",""
HAS_FLOW,"EXQ2B.rpt",""
HAS_FLOW,"EXQ2C.rpt",""
HAS_FLOW,"EXQ3.rpt",""
HAS_FLOW,"EXQUAL.rpt",""
HAS_FLOW,"EXQUAL1.rpt",""
HAS_FLOW,"EXQUAL2.rpt",""
HAS_FLOW,"EXQUAL3.rpt",""
HAS_FLOW,"EXQUAL4.rpt",""
HAS_FLOW,"EXQUAL5.rpt",""
HAS_FLOW,"EXSYPH.rpt",""
HAS_FLOW,"EXTEST1.rpt",""
HAS_FLOW,"EXTR05L.rpt",""
HAS_FLOW,"EXTR5K2.rpt",""
HAS_FLOW,"EXTRAN2.rpt",""
HAS_FLOW,"EXTUT1.rpt",""
HAS_FLOW,"EXTUT10.rpt",""
HAS_FLOW,"EXTUT11.rpt",""
HAS_FLOW,"EXTUT12.rpt",""
HAS_FLOW,"EXTUT13.rpt",""
HAS_FLOW,"EXTUT14.rpt",""
HAS_FLOW,"EXTUT15.rpt",""
HAS_FLOW,"EXTUT16.rpt",""
HAS_FLOW,"EXTUT17.rpt",""
HAS_FLOW,"EXTUT18.rpt",""
HAS_FLOW,"EXTUT2.rpt",""
HAS_FLOW,"EXTUT20.rpt",""
HAS_FLOW,"EXTUT2A.rpt",""
HAS_FLOW,"EXTUT3.rpt",""
HAS_FLOW,"EXTUT3A.rpt",""
HAS_FLOW,"EXTUT4.rpt",""
HAS_FLOW,"EXTUT5.rpt",""
HAS_FLOW,"EXTUT6.rpt",""
HAS_FLOW,"EXTUT7.rpt",""
HAS_FLOW,"EXTUT8.rpt",""
HAS_FLOW,"EXTUT9.rpt",""
HAS_FLOW,"EXWOR1A.rpt",""
HAS_FLOW,"EXWOR1B.rpt",""
HAS_FLOW,"EXWOR3G.rpt",""
HAS_FLOW,"EXWORK1.rpt",""
HAS_FLOW,"EXWORK1A.rpt",""
HAS_FLOW,"EXWORK1B.rpt",""
HAS_FLOW,"EXWORK1C.rpt",""
HAS_FLOW,"EXWORK1D.rpt",""
HAS_FLOW,"EXWORK1E.rpt",""
HAS_FLOW,"EXWORK1F.rpt",""
HAS_FLOW,"EXWORK2.rpt",""
HAS_FLOW,"EXWORK2A.rpt",""
HAS_FLOW,"EXWORK2B.rpt",""
HAS_FLOW,"EXWORK2C.rpt",""
HAS_FLOW,"EXWORK3A.rpt",""
HAS_FLOW,"EXWORK3B.rpt",""
HAS_FLOW,"EXWORK4.rpt",""
HAS_FLOW,"EXWORK4G.rpt",""
HAS_FLOW,"EXWORK5.rpt",""
HAS_FLOW,"EXWORK5A.rpt",""
HAS_FLOW,"EXWORK5B.rpt",""
HAS_FLOW,"EXWORK5G.rpt",""
HAS_FLOW,"EXWORK6.rpt",""
HAS_FLOW,"EXWORK6G.rpt",""
HAS_FLOW,"Edsyphon.rpt",""
HAS_FLOW,"EdsyphonA.rpt",""
HAS_FLOW,"Edsyphonb.rpt",""
HAS_FLOW,"ExCondtr.rpt",""
HAS_FLOW,"Exis2.rpt",""
HAS_FLOW,"Existing Northeast Storm.rpt",""
HAS_FLOW,"FAIL.rpt",""
HAS_FLOW,"FATCLLJN.rpt",""
HAS_FLOW,"FATCLLJN_v1.4.rpt",""
HAS_FLOW,"FC-NC-~1.rpt",""
HAS_FLOW,"FG-3.rpt",""
HAS_FLOW,"FHTSFB6.rpt",""
HAS_FLOW,"FIETEST.rpt",""
HAS_FLOW,"FINAL30.rpt",""
HAS_FLOW,"FINALEX.rpt",""
HAS_FLOW,"FIRST.rpt",""
HAS_FLOW,"FL-DUM~1.rpt",""
HAS_FLOW,"FL-DUM~2.rpt",""
HAS_FLOW,"FL-TEST2.rpt",""
HAS_FLOW,"FL.rpt",""
HAS_FLOW,"FLAPTST.rpt",""
HAS_FLOW,"FLASCS.rpt",""
HAS_FLOW,"FLASCS1.rpt",""
HAS_FLOW,"FLASCS2.rpt",""
HAS_FLOW,"FLDTEST.rpt",""
HAS_FLOW,"FLDTEST1.rpt",""
HAS_FLOW,"FLGIL.rpt",""
HAS_FLOW,"FLGIL1.rpt",""
HAS_FLOW,"FLOOD.rpt",""
HAS_FLOW,"FLOOD1.rpt",""
HAS_FLOW,"FLOOD2.rpt",""
HAS_FLOW,"FLOOD3.rpt",""
HAS_FLOW,"FLOODBAD.rpt",""
HAS_FLOW,"FLOWNET.rpt",""
HAS_FLOW,"FLTEST.rpt",""
HAS_FLOW,"FLYANXXO.rpt",""
HAS_FLOW,"FM10.rpt",""
HAS_FLOW,"FM20-20.rpt",""
HAS_FLOW,"FM20.rpt",""
HAS_FLOW,"FM30.rpt",""
HAS_FLOW,"FN-A2-R2.rpt",""
HAS_FLOW,"FORCE.rpt",""
HAS_FLOW,"FORCE1.rpt",""
HAS_FLOW,"FORCE1_v1.44.rpt",""
HAS_FLOW,"FORCE2.rpt",""
HAS_FLOW,"FORCE2_v1.44.rpt",""
HAS_FLOW,"FRAN5OR.rpt",""
HAS_FLOW,"FRED-SCS.rpt",""
HAS_FLOW,"FRED1-SC.rpt",""
HAS_FLOW,"FT1.rpt",""
HAS_FLOW,"FT2.rpt",""
HAS_FLOW,"FT3.rpt",""
HAS_FLOW,"FUBAR.rpt",""
HAS_FLOW,"FUNC1.rpt",""
HAS_FLOW,"FUNCONE.rpt",""
HAS_FLOW,"FUNCRUN.rpt",""
HAS_FLOW,"FUNCTION.rpt",""
HAS_FLOW,"FW100F.rpt",""
HAS_FLOW,"FW927RN.rpt",""
HAS_FLOW,"FW927TST.rpt",""
HAS_FLOW,"FW927TST_v2.23.rpt",""
HAS_FLOW,"FWSAN.rpt",""
HAS_FLOW,"FWSAN1.rpt",""
HAS_FLOW,"FWSAN2.rpt",""
HAS_FLOW,"FWSANO.rpt",""
HAS_FLOW,"Fairwd_5.rpt",""
HAS_FLOW,"French_Drains.rpt",""
HAS_FLOW,"Future Northeast Storm.rpt",""
HAS_FLOW,"FutureBase.xp.rpt",""
HAS_FLOW,"FutureBase.xp_v16.rpt",""
HAS_FLOW,"GABIONS.rpt",""
HAS_FLOW,"GABIONS_v1.rpt",""
HAS_FLOW,"GAUGE1.rpt",""
HAS_FLOW,"GAUGED.rpt",""
HAS_FLOW,"GEORAIN.rpt",""
HAS_FLOW,"GETEST3.rpt",""
HAS_FLOW,"GLAKE.rpt",""
HAS_FLOW,"GL_1.rpt",""
HAS_FLOW,"GOOD3M.rpt",""
HAS_FLOW,"GOOD3M_v7.5.rpt",""
HAS_FLOW,"GOOD3Ma.rpt",""
HAS_FLOW,"GR528.rpt",""
HAS_FLOW,"GRAY1.rpt",""
HAS_FLOW,"GRAY2.rpt",""
HAS_FLOW,"GREENE.rpt",""
HAS_FLOW,"GUY.rpt",""
HAS_FLOW,"G_EX10.rpt",""
HAS_FLOW,"Grande-Prarie_Master 2004.rpt",""
HAS_FLOW,"HA30-100.rpt",""
HAS_FLOW,"HA30SM.rpt",""
HAS_FLOW,"HA5-100.rpt",""
HAS_FLOW,"HASAN.rpt",""
HAS_FLOW,"HASAN1.rpt",""
HAS_FLOW,"HB1.rpt",""
HAS_FLOW,"HBNIPPON.rpt",""
HAS_FLOW,"HDR1.rpt",""
HAS_FLOW,"HDR1A.rpt",""
HAS_FLOW,"HDR1BAK.rpt",""
HAS_FLOW,"HDR1BMP.rpt",""
HAS_FLOW,"HDR1OLD.rpt",""
HAS_FLOW,"HDR1T.rpt",""
HAS_FLOW,"HDR1TWQ.rpt",""
HAS_FLOW,"HDR1X.rpt",""
HAS_FLOW,"HDR2.rpt",""
HAS_FLOW,"HDR2BMP.rpt",""
HAS_FLOW,"HDR2T.rpt",""
HAS_FLOW,"HDR2T1.rpt",""
HAS_FLOW,"HDR2X.rpt",""
HAS_FLOW,"HDR3.rpt",""
HAS_FLOW,"HDREVAP.rpt",""
HAS_FLOW,"HEATHER.rpt",""
HAS_FLOW,"HEATHER1.rpt",""
HAS_FLOW,"HEATHER2.rpt",""
HAS_FLOW,"HEATHER9.rpt",""
HAS_FLOW,"HEATHFR.rpt",""
HAS_FLOW,"HEATHREQ.rpt",""
HAS_FLOW,"HEATHRHT.rpt",""
HAS_FLOW,"HEC-Conversion-1.rpt",""
HAS_FLOW,"HEC-Conversion-2-complete.rpt",""
HAS_FLOW,"HEC-Conversion-3-complete.rpt",""
HAS_FLOW,"HEC-Conversion-4-complete nex x sections.rpt",""
HAS_FLOW,"HEC-Conversion-4-complete.rpt",""
HAS_FLOW,"HEC-Conversion-5-complete.rpt",""
HAS_FLOW,"HEC-Conversion-5-complete_v15.rpt",""
HAS_FLOW,"HEC2.rpt",""
HAS_FLOW,"HEC2EX1.rpt",""
HAS_FLOW,"HEDGEX2.rpt",""
HAS_FLOW,"HERR3.rpt",""
HAS_FLOW,"HERR3_v19.1.rpt",""
HAS_FLOW,"HERR3_v2.23.rpt",""
HAS_FLOW,"HERRTST.rpt",""
HAS_FLOW,"HESS-N.rpt",""
HAS_FLOW,"HH-Exist-1_5rainWQ.rpt",""
HAS_FLOW,"HH-Exist-97TrialWQ.rpt",""
HAS_FLOW,"HLAKE.rpt",""
HAS_FLOW,"HM06H10E.rpt",""
HAS_FLOW,"HM06H10E_v2.04.rpt",""
HAS_FLOW,"HN2005FP.rpt",""
HAS_FLOW,"HOGADONE.rpt",""
HAS_FLOW,"HOOD.rpt",""
HAS_FLOW,"HOOD1.rpt",""
HAS_FLOW,"HOOD2.rpt",""
HAS_FLOW,"HOSEINT.rpt",""
HAS_FLOW,"HOSMER.rpt",""
HAS_FLOW,"HOSMER1.rpt",""
HAS_FLOW,"HOSTST.rpt",""
HAS_FLOW,"HOT3.rpt",""
HAS_FLOW,"HOTONE.rpt",""
HAS_FLOW,"HOTTHREE.rpt",""
HAS_FLOW,"HOTTWO.rpt",""
HAS_FLOW,"HOU.rpt",""
HAS_FLOW,"HP5.rpt",""
HAS_FLOW,"HP5A.rpt",""
HAS_FLOW,"HPEVNT01.rpt",""
HAS_FLOW,"HSD.rpt",""
HAS_FLOW,"HSD4.rpt",""
HAS_FLOW,"HYBRIDT.rpt",""
HAS_FLOW,"HYD1H-3A.rpt",""
HAS_FLOW,"Hwy26_2-2_50yr.rpt",""
HAS_FLOW,"I10.rpt",""
HAS_FLOW,"ICPOND.rpt",""
HAS_FLOW,"IH11.rpt",""
HAS_FLOW,"IMC1.rpt",""
HAS_FLOW,"IMC1_SW.rpt",""
HAS_FLOW,"IMC1_XT.rpt",""
HAS_FLOW,"IMC2T.rpt",""
HAS_FLOW,"IMCTST.rpt",""
HAS_FLOW,"IMPERIAL.rpt",""
HAS_FLOW,"IMPORT.rpt",""
HAS_FLOW,"IMPORTLL.rpt",""
HAS_FLOW,"IMPROVE5.rpt",""
HAS_FLOW,"IMPTST.rpt",""
HAS_FLOW,"INFIL.rpt",""
HAS_FLOW,"INFLOW.rpt",""
HAS_FLOW,"INLET.rpt",""
HAS_FLOW,"INPUT1.rpt",""
HAS_FLOW,"INPUT1A.rpt",""
HAS_FLOW,"INT1.rpt",""
HAS_FLOW,"INT1A.rpt",""
HAS_FLOW,"INTER.rpt",""
HAS_FLOW,"INTL2.rpt",""
HAS_FLOW,"INVERT1.rpt",""
HAS_FLOW,"INVERT2.rpt",""
HAS_FLOW,"IOP-EX2.rpt",""
HAS_FLOW,"IS-F010.rpt",""
HAS_FLOW,"JACK_RUN.rpt",""
HAS_FLOW,"JACK_RUN_v6.rpt",""
HAS_FLOW,"JC.rpt",""
HAS_FLOW,"JDUMB.rpt",""
HAS_FLOW,"JEANNE.rpt",""
HAS_FLOW,"JESSIE.rpt",""
HAS_FLOW,"JFC1.rpt",""
HAS_FLOW,"JFC1N.rpt",""
HAS_FLOW,"JJA.rpt",""
HAS_FLOW,"JOEDATA.rpt",""
HAS_FLOW,"JOHN1.rpt",""
HAS_FLOW,"JOHN1A.rpt",""
HAS_FLOW,"JUNCTION.rpt",""
HAS_FLOW,"JUNK.rpt",""
HAS_FLOW,"JUNK1.rpt",""
HAS_FLOW,"JUNK2J.rpt",""
HAS_FLOW,"JURGEN.rpt",""
HAS_FLOW,"JURGEN_v1.01.rpt",""
HAS_FLOW,"JUST.rpt",""
HAS_FLOW,"JUSTTEST.rpt",""
HAS_FLOW,"Jadoug.rpt",""
HAS_FLOW,"Japan WQ Example.rpt",""
HAS_FLOW,"Japan WQ Example_v16.rpt",""
HAS_FLOW,"Japan WQ Example_v16_v16.rpt",""
HAS_FLOW,"Japan WQ Example_v19.1.rpt",""
HAS_FLOW,"KA1022A1.rpt",""
HAS_FLOW,"KA1022A2.rpt",""
HAS_FLOW,"KAILUA.rpt",""
HAS_FLOW,"KAN930_1.rpt",""
HAS_FLOW,"KASENSE.rpt",""
HAS_FLOW,"KCCG.rpt",""
HAS_FLOW,"KI-100.rpt",""
HAS_FLOW,"KI-100A.rpt",""
HAS_FLOW,"KI-100B.rpt",""
HAS_FLOW,"KI-100C.rpt",""
HAS_FLOW,"KI-100CA.rpt",""
HAS_FLOW,"KI-100D.rpt",""
HAS_FLOW,"KI-100E.rpt",""
HAS_FLOW,"KICK1003.rpt",""
HAS_FLOW,"KINHILL.rpt",""
HAS_FLOW,"KIRKWOOD-8.rpt",""
HAS_FLOW,"KIT9596.rpt",""
HAS_FLOW,"KKE1A.rpt",""
HAS_FLOW,"KKEQ20TF.rpt",""
HAS_FLOW,"KKFP01.rpt",""
HAS_FLOW,"KKFP01_v2.03.rpt",""
HAS_FLOW,"KKFP2001.rpt",""
HAS_FLOW,"KKFPTEST.rpt",""
HAS_FLOW,"KPTEST.rpt",""
HAS_FLOW,"KRISTEN.rpt",""
HAS_FLOW,"LAIE.rpt",""
HAS_FLOW,"LAIETST.rpt",""
HAS_FLOW,"LAKE1.rpt",""
HAS_FLOW,"LAKE1A.rpt",""
HAS_FLOW,"LAKE2.rpt",""
HAS_FLOW,"LAKE3.rpt",""
HAS_FLOW,"LAMB2.rpt",""
HAS_FLOW,"LAUR&T1(1).rpt",""
HAS_FLOW,"LAUR&T1(2).rpt",""
HAS_FLOW,"LAUR&T1.rpt",""
HAS_FLOW,"LC.rpt",""
HAS_FLOW,"LC6.rpt",""
HAS_FLOW,"LEAH1.rpt",""
HAS_FLOW,"LEAH2.rpt",""
HAS_FLOW,"LEENA.rpt",""
HAS_FLOW,"LI.rpt",""
HAS_FLOW,"LID-ExampleA.rpt",""
HAS_FLOW,"LID-ExampleB.rpt",""
HAS_FLOW,"LID-ExampleC.rpt",""
HAS_FLOW,"LINCOLN.rpt",""
HAS_FLOW,"LO1.rpt",""
HAS_FLOW,"LO1A.rpt",""
HAS_FLOW,"LO1B.rpt",""
HAS_FLOW,"LOCALT3.rpt",""
HAS_FLOW,"LONGDA2.rpt",""
HAS_FLOW,"LONGDA3.rpt",""
HAS_FLOW,"LOWFLOW.rpt",""
HAS_FLOW,"LP_CALIBRATION.rpt",""
HAS_FLOW,"LP_design.rpt",""
HAS_FLOW,"LYNCH.rpt",""
HAS_FLOW,"LYNCH1.rpt",""
HAS_FLOW,"LYNCHTR.rpt",""
HAS_FLOW,"Lakes at Creekside Section 4_1D-2D Model.rpt",""
HAS_FLOW,"Laur&t(1).rpt",""
HAS_FLOW,"Laur&t(2).rpt",""
HAS_FLOW,"Laur&t.rpt",""
HAS_FLOW,"LexingtonContinuous.rpt",""
HAS_FLOW,"LexingtonEvent.rpt",""
HAS_FLOW,"Lowflow1.rpt",""
HAS_FLOW,"MAC.rpt",""
HAS_FLOW,"MAJMIN1.rpt",""
HAS_FLOW,"MALAY.rpt",""
HAS_FLOW,"MARKET.rpt",""
HAS_FLOW,"MARKETST.rpt",""
HAS_FLOW,"MARTING.rpt",""
HAS_FLOW,"MARWWINT.rpt",""
HAS_FLOW,"MASTER1.rpt",""
HAS_FLOW,"MASTER1_v1.01.rpt",""
HAS_FLOW,"MASTER2.rpt",""
HAS_FLOW,"MASTER3.rpt",""
HAS_FLOW,"MASTER4.rpt",""
HAS_FLOW,"MASTER5.rpt",""
HAS_FLOW,"MASTER5_v1.31.rpt",""
HAS_FLOW,"MAULEO.rpt",""
HAS_FLOW,"MAULEON.rpt",""
HAS_FLOW,"MAULEON1.rpt",""
HAS_FLOW,"MAULEON2.rpt",""
HAS_FLOW,"MAY7ROFF.rpt",""
HAS_FLOW,"MAYBR.rpt",""
HAS_FLOW,"MCWET.rpt",""
HAS_FLOW,"MIARUN.rpt",""
HAS_FLOW,"MING.rpt",""
HAS_FLOW,"MING_v1.44.rpt",""
HAS_FLOW,"MISDRAIN.rpt",""
HAS_FLOW,"MOD100.rpt",""
HAS_FLOW,"MOD100_v6.rpt",""
HAS_FLOW,"MOD103.rpt",""
HAS_FLOW,"MOD157.rpt",""
HAS_FLOW,"MOD180.rpt",""
HAS_FLOW,"MOD181.rpt",""
HAS_FLOW,"MOD202.rpt",""
HAS_FLOW,"MOD31.rpt",""
HAS_FLOW,"MOD40.rpt",""
HAS_FLOW,"MOD47.rpt",""
HAS_FLOW,"MOD61.rpt",""
HAS_FLOW,"MOD61_v5.3.rpt",""
HAS_FLOW,"MOD99.rpt",""
HAS_FLOW,"MOD99_v5.3.rpt",""
HAS_FLOW,"MODIFY.rpt",""
HAS_FLOW,"MODIFY1.rpt",""
HAS_FLOW,"MODIFY2.rpt",""
HAS_FLOW,"MODIFY3.rpt",""
HAS_FLOW,"MODIFY4.rpt",""
HAS_FLOW,"MODIFY5.rpt",""
HAS_FLOW,"MODIFY_v2.04.rpt",""
HAS_FLOW,"MONT04.rpt",""
HAS_FLOW,"MONT08.rpt",""
HAS_FLOW,"MPORF.rpt",""
HAS_FLOW,"MULDWF.rpt",""
HAS_FLOW,"MULPUMP.rpt",""
HAS_FLOW,"MWPUMP1.rpt",""
HAS_FLOW,"MWWSSB.rpt",""
HAS_FLOW,"Majmin.rpt",""
HAS_FLOW,"Model3_1D-2D_Urban_10m Grid.rpt",""
HAS_FLOW,"Model4_1D-2D_Urban_2m Grid.rpt",""
HAS_FLOW,"Model5_1D-2D-2D_5m-2m.rpt",""
HAS_FLOW,"Model5_1D-2D-2D_5m-2m_extra vertices.rpt",""
HAS_FLOW,"Model5_1D-2D-2D_5m-2m_extra vertices_new location.rpt",""
HAS_FLOW,"Module99.rpt",""
HAS_FLOW,"My_San_1.rpt",""
HAS_FLOW,"My_San_2.rpt",""
HAS_FLOW,"My_San_3.rpt",""
HAS_FLOW,"My_San_4.rpt",""
HAS_FLOW,"My_San_5.rpt",""
HAS_FLOW,"My_San_Calibrated.rpt",""
HAS_FLOW,"N-2TEST.rpt",""
HAS_FLOW,"N30.rpt",""
HAS_FLOW,"NADA.rpt",""
HAS_FLOW,"NAPLES.rpt",""
HAS_FLOW,"NASH.rpt",""
HAS_FLOW,"NATSMALL.rpt",""
HAS_FLOW,"NATURE.rpt",""
HAS_FLOW,"NATURE1.rpt",""
HAS_FLOW,"NATURE1_v19.1.rpt",""
HAS_FLOW,"NATURE1_v2.2.rpt",""
HAS_FLOW,"NATUREL.rpt",""
HAS_FLOW,"NC1.rpt",""
HAS_FLOW,"NCHANNEL.rpt",""
HAS_FLOW,"NE.rpt",""
HAS_FLOW,"NECALIB1.rpt",""
HAS_FLOW,"NEQTST.rpt",""
HAS_FLOW,"NEWLINE.rpt",""
HAS_FLOW,"NEWPBS.rpt",""
HAS_FLOW,"NEWPMP1.rpt",""
HAS_FLOW,"NEWPMP10.rpt",""
HAS_FLOW,"NEWPMP13.rpt",""
HAS_FLOW,"NEWPMP14.rpt",""
HAS_FLOW,"NEWPMP15.rpt",""
HAS_FLOW,"NEWPMP2.rpt",""
HAS_FLOW,"NEWPMP20.rpt",""
HAS_FLOW,"NEWPMP21.rpt",""
HAS_FLOW,"NEWPMP22.rpt",""
HAS_FLOW,"NEWPMP25.rpt",""
HAS_FLOW,"NEWPMP3.rpt",""
HAS_FLOW,"NEWPMP4.rpt",""
HAS_FLOW,"NEWPMP5.rpt",""
HAS_FLOW,"NEWPMP6.rpt",""
HAS_FLOW,"NEWPMP7.rpt",""
HAS_FLOW,"NEWPMP8.rpt",""
HAS_FLOW,"NEWPMP9.rpt",""
HAS_FLOW,"NEWPOLLY.rpt",""
HAS_FLOW,"NEWPUMP.rpt",""
HAS_FLOW,"NEWPUMP1.rpt",""
HAS_FLOW,"NEWPUMP2.rpt",""
HAS_FLOW,"NEWT150.rpt",""
HAS_FLOW,"NOAH1.rpt",""
HAS_FLOW,"NORTH.rpt",""
HAS_FLOW,"NORTH25.rpt",""
HAS_FLOW,"NORTH32.rpt",""
HAS_FLOW,"NORTH35.rpt",""
HAS_FLOW,"NRH_TRY.rpt",""
HAS_FLOW,"NT134-XE.rpt",""
HAS_FLOW,"NT134XEN.rpt",""
HAS_FLOW,"NW_Lake_N.rpt",""
HAS_FLOW,"Ncb-m1a1.rpt",""
HAS_FLOW,"New_Hope_NW_Lake_N_Example.rpt",""
HAS_FLOW,"Neworifice2.rpt",""
HAS_FLOW,"Newpmp12.rpt",""
HAS_FLOW,"Noorholl.rpt",""
HAS_FLOW,"Noorholl_v2.2.rpt",""
HAS_FLOW,"North1.rpt",""
HAS_FLOW,"Nrh_try7.rpt",""
HAS_FLOW,"OAK.rpt",""
HAS_FLOW,"OFC5S.rpt",""
HAS_FLOW,"OFFLINE1.rpt",""
HAS_FLOW,"OFFLINE2.rpt",""
HAS_FLOW,"OFFLINE3.rpt",""
HAS_FLOW,"OFFLINE4.rpt",""
HAS_FLOW,"OFFLINE5.rpt",""
HAS_FLOW,"OFFLINE6.rpt",""
HAS_FLOW,"OFFLINE7.rpt",""
HAS_FLOW,"OGDEN.rpt",""
HAS_FLOW,"OGDEN1.rpt",""
HAS_FLOW,"OH10191A.rpt",""
HAS_FLOW,"OR288.rpt",""
HAS_FLOW,"ORIF-OS.rpt",""
HAS_FLOW,"ORIF.rpt",""
HAS_FLOW,"ORIF2.rpt",""
HAS_FLOW,"ORIF2_v5.62.rpt",""
HAS_FLOW,"ORIFICE2.rpt",""
HAS_FLOW,"ORIG50.rpt",""
HAS_FLOW,"ORLEAN1.rpt",""
HAS_FLOW,"ORLEAN2.rpt",""
HAS_FLOW,"ORLEANS.rpt",""
HAS_FLOW,"ORLOFF1.rpt",""
HAS_FLOW,"ORLOFF2.rpt",""
HAS_FLOW,"ORME614.rpt",""
HAS_FLOW,"OUTFALLS.rpt",""
HAS_FLOW,"OWASSO.rpt",""
HAS_FLOW,"Offline-Storage.rpt",""
HAS_FLOW,"Offline.rpt",""
HAS_FLOW,"P2ULT-GO.rpt",""
HAS_FLOW,"PARRA.rpt",""
HAS_FLOW,"PAVCHN.rpt",""
HAS_FLOW,"PBS&JSEN(1).rpt",""
HAS_FLOW,"PBS&JSEN(2).rpt",""
HAS_FLOW,"PBS&JSEN.rpt",""
HAS_FLOW,"PBS&JSEN_v1.4(1).rpt",""
HAS_FLOW,"PBS&JSEN_v1.4(2).rpt",""
HAS_FLOW,"PBS&JSEN_v1.4.rpt",""
HAS_FLOW,"PBSJ.rpt",""
HAS_FLOW,"PBSJ1.rpt",""
HAS_FLOW,"PBSJ11.rpt",""
HAS_FLOW,"PEARCE1.rpt",""
HAS_FLOW,"PEARCEDE.rpt",""
HAS_FLOW,"PEARCEXT.rpt",""
HAS_FLOW,"PEBBLE.rpt",""
HAS_FLOW,"PETERKO.rpt",""
HAS_FLOW,"PH003.rpt",""
HAS_FLOW,"PIETER.rpt",""
HAS_FLOW,"PINELLAS.rpt",""
HAS_FLOW,"PLYDRY.rpt",""
HAS_FLOW,"PLYWET2.rpt",""
HAS_FLOW,"PLYWET2_v1.13506e-305.rpt",""
HAS_FLOW,"PLYWET2_v1.13506e-305_v1.41505e-305.rpt",""
HAS_FLOW,"PND2_LYR.rpt",""
HAS_FLOW,"POLKAB.rpt",""
HAS_FLOW,"POOLE.rpt",""
HAS_FLOW,"POOLE2.rpt",""
HAS_FLOW,"PORT02.rpt",""
HAS_FLOW,"POST15E.rpt",""
HAS_FLOW,"POST_NEW.rpt",""
HAS_FLOW,"PR5yr BaseFile.rpt",""
HAS_FLOW,"PROJALL2.rpt",""
HAS_FLOW,"PROJALL6.rpt",""
HAS_FLOW,"PROP-10Y.rpt",""
HAS_FLOW,"PROP.rpt",""
HAS_FLOW,"PROPLOSS.rpt",""
HAS_FLOW,"PS6.rpt",""
HAS_FLOW,"PS6204.rpt",""
HAS_FLOW,"PST.rpt",""
HAS_FLOW,"PUMP.rpt",""
HAS_FLOW,"PUMP5.rpt",""
HAS_FLOW,"PUMPDEEP.rpt",""
HAS_FLOW,"PUMPNEW.rpt",""
HAS_FLOW,"PUMPVH.rpt",""
HAS_FLOW,"PUMPWELL.rpt",""
HAS_FLOW,"PUSH.rpt",""
HAS_FLOW,"Parawqm9.rpt",""
HAS_FLOW,"Peter.rpt",""
HAS_FLOW,"Ph003a.rpt",""
HAS_FLOW,"Phase_3.rpt",""
HAS_FLOW,"Post100y8H.rpt",""
HAS_FLOW,"Postswl1.rpt",""
HAS_FLOW,"Projtest.rpt",""
HAS_FLOW,"Ps110297 mfc9.rpt",""
HAS_FLOW,"Ps110297dwf11.rpt",""
HAS_FLOW,"Pumpprob.rpt",""
HAS_FLOW,"Q20SML.rpt",""
HAS_FLOW,"Q3LAHEY.rpt",""
HAS_FLOW,"QSURGE.rpt",""
HAS_FLOW,"QSURGE1.rpt",""
HAS_FLOW,"QSURGE_v1.rpt",""
HAS_FLOW,"QUICKQ1.rpt",""
HAS_FLOW,"QUICKQ1A.rpt",""
HAS_FLOW,"QUICKQ1_v16.rpt",""
HAS_FLOW,"QUICKQ4.rpt",""
HAS_FLOW,"QUICKQ4A.rpt",""
HAS_FLOW,"QUICKQ4B.rpt",""
HAS_FLOW,"QUICKQ4C.rpt",""
HAS_FLOW,"Quickq.rpt",""
HAS_FLOW,"Quickq2.rpt",""
HAS_FLOW,"Quickq3.rpt",""
HAS_FLOW,"Quickq5.rpt",""
HAS_FLOW,"Quickqa.rpt",""
HAS_FLOW,"RAFTEST1.rpt",""
HAS_FLOW,"RAFTS.rpt",""
HAS_FLOW,"RAFTS05.rpt",""
HAS_FLOW,"RAFTS1.rpt",""
HAS_FLOW,"RAFTS2.rpt",""
HAS_FLOW,"RAILWAY.rpt",""
HAS_FLOW,"RAILWY1.rpt",""
HAS_FLOW,"RAILWY2.rpt",""
HAS_FLOW,"RAILWY3.rpt",""
HAS_FLOW,"RAILWY4.rpt",""
HAS_FLOW,"RAILWY5.rpt",""
HAS_FLOW,"RAIN.rpt",""
HAS_FLOW,"RAIN1CHK.rpt",""
HAS_FLOW,"RAINCHK.rpt",""
HAS_FLOW,"RAINUTIL.rpt",""
HAS_FLOW,"RATING.rpt",""
HAS_FLOW,"RATION1.rpt",""
HAS_FLOW,"RATRUN.rpt",""
HAS_FLOW,"RAW1.rpt",""
HAS_FLOW,"RAW1A.rpt",""
HAS_FLOW,"RAW1B.rpt",""
HAS_FLOW,"RAW1SM.rpt",""
HAS_FLOW,"RAW2.rpt",""
HAS_FLOW,"RAW2BOB.rpt",""
HAS_FLOW,"RAW3.rpt",""
HAS_FLOW,"RAW3A.rpt",""
HAS_FLOW,"RCONFLU.rpt",""
HAS_FLOW,"REACT.rpt",""
HAS_FLOW,"REACT1.rpt",""
HAS_FLOW,"REACT2.rpt",""
HAS_FLOW,"REACT3.rpt",""
HAS_FLOW,"REG23_1Y.rpt",""
HAS_FLOW,"REG8A.rpt",""
HAS_FLOW,"REGUL.rpt",""
HAS_FLOW,"REGULATE.rpt",""
HAS_FLOW,"RIALTO.rpt",""
HAS_FLOW,"RIALTO1.rpt",""
HAS_FLOW,"RIALTO2.rpt",""
HAS_FLOW,"RIVERTCH.rpt",""
HAS_FLOW,"RN44TRPR.rpt",""
HAS_FLOW,"RNF1.rpt",""
HAS_FLOW,"RNFTEST.rpt",""
HAS_FLOW,"ROUTE.rpt",""
HAS_FLOW,"RSA_FM.rpt",""
HAS_FLOW,"RTCdia.rpt",""
HAS_FLOW,"RTCflow.rpt",""
HAS_FLOW,"RTCpump.rpt",""
HAS_FLOW,"RUDSYP1.rpt",""
HAS_FLOW,"RUDSYP1_v2.23.rpt",""
HAS_FLOW,"RUN11.rpt",""
HAS_FLOW,"RUN192.rpt",""
HAS_FLOW,"RUN35.rpt",""
HAS_FLOW,"RUNEXTRN.rpt",""
HAS_FLOW,"RUNOFF31.rpt",""
HAS_FLOW,"RUNTEST.rpt",""
HAS_FLOW,"RUNTEST1.rpt",""
HAS_FLOW,"RUNTEST2.rpt",""
HAS_FLOW,"RUNTRNEX.rpt",""
HAS_FLOW,"RUNTST.rpt",""
HAS_FLOW,"RUNTSTA.rpt",""
HAS_FLOW,"RainControlledRegulator.rpt",""
HAS_FLOW,"Rd701-d.rpt",""
HAS_FLOW,"Rec_Plan.xp.rpt",""
HAS_FLOW,"Rsa_wet.rpt",""
HAS_FLOW,"SAMPLE2.rpt",""
HAS_FLOW,"SB-DAM25.rpt",""
HAS_FLOW,"SCANLON.rpt",""
HAS_FLOW,"SCATP.rpt",""
HAS_FLOW,"SCS1.rpt",""
HAS_FLOW,"SCS1A.rpt",""
HAS_FLOW,"SCS2.rpt",""
HAS_FLOW,"SCS3.rpt",""
HAS_FLOW,"SCSALL.rpt",""
HAS_FLOW,"SCSALL1.rpt",""
HAS_FLOW,"SCSCALIB.rpt",""
HAS_FLOW,"SCSCOMP.rpt",""
HAS_FLOW,"SCSCOMP1.rpt",""
HAS_FLOW,"SCSCURV.rpt",""
HAS_FLOW,"SCSIMP.rpt",""
HAS_FLOW,"SCSL1.rpt",""
HAS_FLOW,"SCSL2.rpt",""
HAS_FLOW,"SCSMETRI.rpt",""
HAS_FLOW,"SCSTEST.rpt",""
HAS_FLOW,"SCSTK.rpt",""
HAS_FLOW,"SCS_WA.rpt",""
HAS_FLOW,"SEACL2.rpt",""
HAS_FLOW,"SEACL2A.rpt",""
HAS_FLOW,"SEASON2.rpt",""
HAS_FLOW,"SEASON3.rpt",""
HAS_FLOW,"SENSTVTY.rpt",""
HAS_FLOW,"SEWER.rpt",""
HAS_FLOW,"SHADY.rpt",""
HAS_FLOW,"SHAMSI.rpt",""
HAS_FLOW,"SHAPES.rpt",""
HAS_FLOW,"SHEET.rpt",""
HAS_FLOW,"SHEPHERD.rpt",""
HAS_FLOW,"SHRP1.rpt",""
HAS_FLOW,"SHRPPROP.rpt",""
HAS_FLOW,"SIC07.rpt",""
HAS_FLOW,"SIMPLE.rpt",""
HAS_FLOW,"SM.rpt",""
HAS_FLOW,"SM2.rpt",""
HAS_FLOW,"SM3.rpt",""
HAS_FLOW,"SMR1A.rpt",""
HAS_FLOW,"SMT1_2.rpt",""
HAS_FLOW,"SMTCA.rpt",""
HAS_FLOW,"SMTCA1.rpt",""
HAS_FLOW,"SN2002PN.rpt",""
HAS_FLOW,"SNAIL.rpt",""
HAS_FLOW,"SNOWJOB.rpt",""
HAS_FLOW,"SP128B.rpt",""
HAS_FLOW,"SPC20B.rpt",""
HAS_FLOW,"SSM.rpt",""
HAS_FLOW,"SSO_SMPL.rpt",""
HAS_FLOW,"STAGE3L.rpt",""
HAS_FLOW,"STAGE3L_v1.05.rpt",""
HAS_FLOW,"STBRY3.rpt",""
HAS_FLOW,"STBRY3A.rpt",""
HAS_FLOW,"STBRY3B.rpt",""
HAS_FLOW,"STEADY.rpt",""
HAS_FLOW,"STEELE2.rpt",""
HAS_FLOW,"STONER.rpt",""
HAS_FLOW,"STORAGE1.rpt",""
HAS_FLOW,"STORAGE2.rpt",""
HAS_FLOW,"STORM.rpt",""
HAS_FLOW,"STPETE1.rpt",""
HAS_FLOW,"STPETE1_v2.2.rpt",""
HAS_FLOW,"STPTEST.rpt",""
HAS_FLOW,"STRICT.rpt",""
HAS_FLOW,"STRT10.rpt",""
HAS_FLOW,"STRT11.rpt",""
HAS_FLOW,"STRT12.rpt",""
HAS_FLOW,"STRT13.rpt",""
HAS_FLOW,"STRT17.rpt",""
HAS_FLOW,"STRT18.rpt",""
HAS_FLOW,"STRTHB.rpt",""
HAS_FLOW,"STRTMAS.rpt",""
HAS_FLOW,"STRTMAT.rpt",""
HAS_FLOW,"STRTMS1.rpt",""
HAS_FLOW,"STRTMS2.rpt",""
HAS_FLOW,"STRTMS3.rpt",""
HAS_FLOW,"STRTMS4.rpt",""
HAS_FLOW,"STRTMS5.rpt",""
HAS_FLOW,"SUB1.rpt",""
HAS_FLOW,"SUB2.rpt",""
HAS_FLOW,"SUB3.rpt",""
HAS_FLOW,"SUB4.rpt",""
HAS_FLOW,"SUTORDB.rpt",""
HAS_FLOW,"SW1.rpt",""
HAS_FLOW,"SW28I12.rpt",""
HAS_FLOW,"SW7.rpt",""
HAS_FLOW,"SWANWET2.rpt",""
HAS_FLOW,"SWANWET2_v2.2.rpt",""
HAS_FLOW,"SWEC1.rpt",""
HAS_FLOW,"SWMMCONT.rpt",""
HAS_FLOW,"SWMM_SCS.rpt",""
HAS_FLOW,"SYPHON.rpt",""
HAS_FLOW,"SYPHON1.rpt",""
HAS_FLOW,"SYPHON2.rpt",""
HAS_FLOW,"SYPHON3.rpt",""
HAS_FLOW,"SYSTEM.rpt",""
HAS_FLOW,"SYSTEM06.rpt",""
HAS_FLOW,"SYSTEM_v5.1.rpt",""
HAS_FLOW,"Sbuh.rpt",""
HAS_FLOW,"Session8_Yarra8.rpt",""
HAS_FLOW,"Sewers.rpt",""
HAS_FLOW,"Sm22.rpt",""
HAS_FLOW,"Sm4.rpt",""
HAS_FLOW,"Sprenger.rpt",""
HAS_FLOW,"Stell-exist-50yr-des-parow.rpt",""
HAS_FLOW,"Stemp.rpt",""
HAS_FLOW,"T100.rpt",""
HAS_FLOW,"T10VALVE.rpt",""
HAS_FLOW,"T11VALVE.rpt",""
HAS_FLOW,"T1204_24.rpt",""
HAS_FLOW,"T12VALVE.rpt",""
HAS_FLOW,"T13VALVE.rpt",""
HAS_FLOW,"T14VALVE.rpt",""
HAS_FLOW,"T15VALVE.rpt",""
HAS_FLOW,"T16VALVE.rpt",""
HAS_FLOW,"T17VALVE.rpt",""
HAS_FLOW,"T18VALVE.rpt",""
HAS_FLOW,"T19VALVE.rpt",""
HAS_FLOW,"T1VALVE.rpt",""
HAS_FLOW,"T1X.rpt",""
HAS_FLOW,"T20VALVE.rpt",""
HAS_FLOW,"T21VALVE.rpt",""
HAS_FLOW,"T22VALVE.rpt",""
HAS_FLOW,"T23VALVE.rpt",""
HAS_FLOW,"T2VALVE.rpt",""
HAS_FLOW,"T3VALVE.rpt",""
HAS_FLOW,"T4VALVE.rpt",""
HAS_FLOW,"T5VALVE.rpt",""
HAS_FLOW,"TACOMA.rpt",""
HAS_FLOW,"TAI2.rpt",""
HAS_FLOW,"TAI3.rpt",""
HAS_FLOW,"TAI8-13.rpt",""
HAS_FLOW,"TAIORF.rpt",""
HAS_FLOW,"TAITRANS.rpt",""
HAS_FLOW,"TAK.rpt",""
HAS_FLOW,"TALEXAM.rpt",""
HAS_FLOW,"TAMPA.rpt",""
HAS_FLOW,"TAMPA1.rpt",""
HAS_FLOW,"TC.rpt",""
HAS_FLOW,"TCONFLU.rpt",""
HAS_FLOW,"TEH1.rpt",""
HAS_FLOW,"TEH1NEW.rpt",""
HAS_FLOW,"TEMP3.rpt",""
HAS_FLOW,"TEMPE.rpt",""
HAS_FLOW,"TEMPE1.rpt",""
HAS_FLOW,"TEMPE_v1.rpt",""
HAS_FLOW,"TEPA.rpt",""
HAS_FLOW,"TEST-1_.rpt",""
HAS_FLOW,"TEST1-44.rpt",""
HAS_FLOW,"TEST144.rpt",""
HAS_FLOW,"TEST1EXT.rpt",""
HAS_FLOW,"TEST3.rpt",""
HAS_FLOW,"TEST4.rpt",""
HAS_FLOW,"TEST4000.rpt",""
HAS_FLOW,"TEST5.rpt",""
HAS_FLOW,"TESTCDM.rpt",""
HAS_FLOW,"TESTCHAN.rpt",""
HAS_FLOW,"TESTCOND.rpt",""
HAS_FLOW,"TESTEXT1.rpt",""
HAS_FLOW,"TESTEXT3.rpt",""
HAS_FLOW,"TESTEXTA.rpt",""
HAS_FLOW,"TESTEXTB.rpt",""
HAS_FLOW,"TESTEXTC.rpt",""
HAS_FLOW,"TESTREG.rpt",""
HAS_FLOW,"TESTREV1.rpt",""
HAS_FLOW,"TESTSEA.rpt",""
HAS_FLOW,"TESTSTOR.rpt",""
HAS_FLOW,"TESTSWM2.rpt",""
HAS_FLOW,"TESTSWM3.rpt",""
HAS_FLOW,"TESTSWM4.rpt",""
HAS_FLOW,"TESTSWM5.rpt",""
HAS_FLOW,"TESTWWF2.rpt",""
HAS_FLOW,"TESTdec.rpt",""
HAS_FLOW,"TFARR.rpt",""
HAS_FLOW,"TFC-E.rpt",""
HAS_FLOW,"TFunction.rpt",""
HAS_FLOW,"TG1N2.rpt",""
HAS_FLOW,"TG4-51_N.rpt",""
HAS_FLOW,"TG88N10.rpt",""
HAS_FLOW,"TG91N10.rpt",""
HAS_FLOW,"TG91N20.rpt",""
HAS_FLOW,"TGAB863.rpt",""
HAS_FLOW,"TGAB88.rpt",""
HAS_FLOW,"TH10&POL(1).rpt",""
HAS_FLOW,"TH10&POL.rpt",""
HAS_FLOW,"TH23SPI4.rpt",""
HAS_FLOW,"TIA.rpt",""
HAS_FLOW,"TIA_v1.01.rpt",""
HAS_FLOW,"TIDALS.rpt",""
HAS_FLOW,"TIMEAREA.rpt",""
HAS_FLOW,"TL1R.rpt",""
HAS_FLOW,"TNL03C.rpt",""
HAS_FLOW,"TORBEIN.rpt",""
HAS_FLOW,"TORBEIN_v1.01.rpt",""
HAS_FLOW,"TORONT2.rpt",""
HAS_FLOW,"TORONT2_v1.01.rpt",""
HAS_FLOW,"TORONTO.rpt",""
HAS_FLOW,"TORONTO1.rpt",""
HAS_FLOW,"TORONTO1_v1.43.rpt",""
HAS_FLOW,"TORONTO2.rpt",""
HAS_FLOW,"TORONTO5.rpt",""
HAS_FLOW,"TOT14.rpt",""
HAS_FLOW,"TOWN100.rpt",""
HAS_FLOW,"TR23SAVG.rpt",""
HAS_FLOW,"TR23SAVG_v2.04.rpt",""
HAS_FLOW,"TR23SNEX.rpt",""
HAS_FLOW,"TRACY.rpt",""
HAS_FLOW,"TRACY1.rpt",""
HAS_FLOW,"TRAMAS.rpt",""
HAS_FLOW,"TRAN2.rpt",""
HAS_FLOW,"TRANCOND.rpt",""
HAS_FLOW,"TRANSALL.rpt",""
HAS_FLOW,"TRANSTES.rpt",""
HAS_FLOW,"TRDESIGN.rpt",""
HAS_FLOW,"TREAT1.rpt",""
HAS_FLOW,"TREVOR.rpt",""
HAS_FLOW,"TRIAL1.rpt",""
HAS_FLOW,"TRSAM1.rpt",""
HAS_FLOW,"TRSTORE.rpt",""
HAS_FLOW,"TRTOEXMT.rpt",""
HAS_FLOW,"TRTOEXUS.rpt",""
HAS_FLOW,"TRY.rpt",""
HAS_FLOW,"TRYACAC.rpt",""
HAS_FLOW,"TSE3.rpt",""
HAS_FLOW,"TSE33.rpt",""
HAS_FLOW,"TSE3_v1.01.rpt",""
HAS_FLOW,"TST25.rpt",""
HAS_FLOW,"TUNNEL.rpt",""
HAS_FLOW,"TUNNEL1.rpt",""
HAS_FLOW,"TUT13.rpt",""
HAS_FLOW,"TWARD.rpt",""
HAS_FLOW,"TYLER1.rpt",""
HAS_FLOW,"TYLER1_v2.23.rpt",""
HAS_FLOW,"TestVar.rpt",""
HAS_FLOW,"TestVar1.rpt",""
HAS_FLOW,"TestVar2.rpt",""
HAS_FLOW,"TestVar3.rpt",""
HAS_FLOW,"Trevor1.rpt",""
HAS_FLOW,"UAE.rpt",""
HAS_FLOW,"UDDEX1.rpt",""
HAS_FLOW,"UDSPLIT.rpt",""
HAS_FLOW,"UDTST.rpt",""
HAS_FLOW,"UMA.rpt",""
HAS_FLOW,"UMACORR.rpt",""
HAS_FLOW,"UNIT.rpt",""
HAS_FLOW,"UOFL.rpt",""
HAS_FLOW,"UPDATED.rpt",""
HAS_FLOW,"UPHILL.rpt",""
HAS_FLOW,"UPPER.rpt",""
HAS_FLOW,"UPPSAR.rpt",""
HAS_FLOW,"UPPSAR_v2.04.rpt",""
HAS_FLOW,"UPWSH1.rpt",""
HAS_FLOW,"UPWSH2.rpt",""
HAS_FLOW,"UPWSH3.rpt",""
HAS_FLOW,"USERCOND.rpt",""
HAS_FLOW,"USERCTRA.rpt",""
HAS_FLOW,"USEREXT.rpt",""
HAS_FLOW,"USERTST.rpt",""
HAS_FLOW,"USL.rpt",""
HAS_FLOW,"USUNIT~1.rpt",""
HAS_FLOW,"UpperModel 100yr 10day.rpt",""
HAS_FLOW,"V7 FINAL.rpt",""
HAS_FLOW,"VALVE.rpt",""
HAS_FLOW,"VALVE1.rpt",""
HAS_FLOW,"VALVE1A.rpt",""
HAS_FLOW,"VALVE2.rpt",""
HAS_FLOW,"VALVE2A.rpt",""
HAS_FLOW,"VALVE3.rpt",""
HAS_FLOW,"VALVE3A.rpt",""
HAS_FLOW,"VALVE4.rpt",""
HAS_FLOW,"VALVE4A.rpt",""
HAS_FLOW,"VALVE5.rpt",""
HAS_FLOW,"VALVE5A.rpt",""
HAS_FLOW,"VALVEA.rpt",""
HAS_FLOW,"VISGM10.rpt",""
HAS_FLOW,"VQFEB95.rpt",""
HAS_FLOW,"WA.rpt",""
HAS_FLOW,"WAL1_10.rpt",""
HAS_FLOW,"WAL8809.rpt",""
HAS_FLOW,"WARDR1.rpt",""
HAS_FLOW,"WARDROP2.rpt",""
HAS_FLOW,"WATERSHD.rpt",""
HAS_FLOW,"WAXTN.rpt",""
HAS_FLOW,"WC.rpt",""
HAS_FLOW,"WCREEK.rpt",""
HAS_FLOW,"WDWF.rpt",""
HAS_FLOW,"WDWFTST.rpt",""
HAS_FLOW,"WEI.rpt",""
HAS_FLOW,"WEIR-DN.rpt",""
HAS_FLOW,"WEIR-SUB.rpt",""
HAS_FLOW,"WEIR.rpt",""
HAS_FLOW,"WEIR1.rpt",""
HAS_FLOW,"WEIR2.rpt",""
HAS_FLOW,"WEIRTEST.rpt",""
HAS_FLOW,"WHIT.rpt",""
HAS_FLOW,"WHO97WC2.rpt",""
HAS_FLOW,"WILL1.rpt",""
HAS_FLOW,"WILL2.rpt",""
HAS_FLOW,"WINDBACK.rpt",""
HAS_FLOW,"WINDSOR.rpt",""
HAS_FLOW,"WINDSOR1.rpt",""
HAS_FLOW,"WINGATE.rpt",""
HAS_FLOW,"WINNEPEG.rpt",""
HAS_FLOW,"WINOVER.rpt",""
HAS_FLOW,"WINTRANS.rpt",""
HAS_FLOW,"WJ.rpt",""
HAS_FLOW,"WJZ3L.rpt",""
HAS_FLOW,"WJZJJJJJ.rpt",""
HAS_FLOW,"WJZSM2P9.rpt",""
HAS_FLOW,"WK.rpt",""
HAS_FLOW,"WOLFORD.rpt",""
HAS_FLOW,"WOLFORD1.rpt",""
HAS_FLOW,"WOLFORD2.rpt",""
HAS_FLOW,"WOLFORD3.rpt",""
HAS_FLOW,"WOLFORD4.rpt",""
HAS_FLOW,"WOLFORD5.rpt",""
HAS_FLOW,"WOLFRD2A.rpt",""
HAS_FLOW,"WOY1.rpt",""
HAS_FLOW,"WQ-DEMO.rpt",""
HAS_FLOW,"WQ.rpt",""
HAS_FLOW,"WQALL.rpt",""
HAS_FLOW,"WQTEST.rpt",""
HAS_FLOW,"WQTEST1.rpt",""
HAS_FLOW,"WQTESTA.rpt",""
HAS_FLOW,"WQ_VOR~1.rpt",""
HAS_FLOW,"WRDATA.rpt",""
HAS_FLOW,"Waipahu1.rpt",""
HAS_FLOW,"WiltseFlats v02.rpt",""
HAS_FLOW,"WiltseFlats.rpt",""
HAS_FLOW,"Woy1d.rpt",""
HAS_FLOW,"Woy1d_v2.23.rpt",""
HAS_FLOW,"Woy1dt.rpt",""
HAS_FLOW,"Wtp0008.rpt",""
HAS_FLOW,"XC12_11.rpt",""
HAS_FLOW,"XCG.rpt",""
HAS_FLOW,"XP641_01.rpt",""
HAS_FLOW,"XPTEST.rpt",""
HAS_FLOW,"XPTEST1.rpt",""
HAS_FLOW,"YOUNG.rpt",""
HAS_FLOW,"YOUNG1.rpt",""
HAS_FLOW,"YOUNG2.rpt",""
HAS_FLOW,"YOUNG3.rpt",""
HAS_FLOW,"YOUNG4.rpt",""
HAS_FLOW,"Yarra8.rpt",""
HAS_FLOW,"Yarra9.rpt",""
HAS_FLOW,"Yarra9_v18.1.rpt",""
HAS_FLOW,"after.rpt",""
HAS_FLOW,"alcosan1.rpt",""
HAS_FLOW,"alcosan1_v10.rpt",""
HAS_FLOW,"alennew.rpt",""
HAS_FLOW,"allkin.rpt",""
HAS_FLOW,"austin_pond.rpt",""
HAS_FLOW,"autopmp.rpt",""
HAS_FLOW,"autopump.rpt",""
HAS_FLOW,"avgpond.rpt",""
HAS_FLOW,"base_weirs-1yr-x.rpt",""
HAS_FLOW,"baseball.rpt",""
HAS_FLOW,"basic2a.rpt",""
HAS_FLOW,"basic3a.rpt",""
HAS_FLOW,"bendableweirs.rpt",""
HAS_FLOW,"brownew.rpt",""
HAS_FLOW,"bsteele.rpt",""
HAS_FLOW,"c24rate.rpt",""
HAS_FLOW,"cedarhills_pipe_breach_evacuationno street.rpt",""
HAS_FLOW,"charl_mydata.rpt",""
HAS_FLOW,"chekorif.rpt",""
HAS_FLOW,"coco1.rpt",""
HAS_FLOW,"coh.rpt",""
HAS_FLOW,"coh_v2.23.rpt",""
HAS_FLOW,"coldicutt.rpt",""
HAS_FLOW,"ctia_model2areas.rpt",""
HAS_FLOW,"ctia_model2rev2.rpt",""
HAS_FLOW,"current_modified_noponding.rpt",""
HAS_FLOW,"data-2.rpt",""
HAS_FLOW,"depthpump.rpt",""
HAS_FLOW,"detention.rpt",""
HAS_FLOW,"dynamic_head.rpt",""
HAS_FLOW,"e001-2.rpt",""
HAS_FLOW,"e1n.rpt",""
HAS_FLOW,"e91599r.rpt",""
HAS_FLOW,"eastnew.rpt",""
HAS_FLOW,"escs3.rpt",""
HAS_FLOW,"example1.rpt",""
HAS_FLOW,"exjuly5.rpt",""
HAS_FLOW,"exq1.rpt",""
HAS_FLOW,"exsaline.rpt",""
HAS_FLOW,"extowq.rpt",""
HAS_FLOW,"fastext.rpt",""
HAS_FLOW,"fc1.rpt",""
HAS_FLOW,"flume.rpt",""
HAS_FLOW,"flxalloy.rpt",""
HAS_FLOW,"force_main.rpt",""
HAS_FLOW,"french drain1.rpt",""
HAS_FLOW,"giles.rpt",""
HAS_FLOW,"glen2.rpt",""
HAS_FLOW,"glen3.rpt",""
HAS_FLOW,"golf_community.rpt",""
HAS_FLOW,"griffith.rpt",""
HAS_FLOW,"hchan.rpt",""
HAS_FLOW,"headpmp.rpt",""
HAS_FLOW,"headpmp1.rpt",""
HAS_FLOW,"hhtest.rpt",""
HAS_FLOW,"jeansim.rpt",""
HAS_FLOW,"kwdw.rpt",""
HAS_FLOW,"kwdw_v6.rpt",""
HAS_FLOW,"largewr.rpt",""
HAS_FLOW,"latestSeparation.rpt",""
HAS_FLOW,"latestSeparation_v8.51.rpt",""
HAS_FLOW,"leecond.rpt",""
HAS_FLOW,"magdy.rpt",""
HAS_FLOW,"maji-2.rpt",""
HAS_FLOW,"markinl.rpt",""
HAS_FLOW,"marsh.rpt",""
HAS_FLOW,"minor44.rpt",""
HAS_FLOW,"mod100a.rpt",""
HAS_FLOW,"mod101.rpt",""
HAS_FLOW,"mod102.rpt",""
HAS_FLOW,"mod161.rpt",""
HAS_FLOW,"mod161_v6.rpt",""
HAS_FLOW,"mod170.rpt",""
HAS_FLOW,"mod170_v6.rpt",""
HAS_FLOW,"mod171.rpt",""
HAS_FLOW,"mod182.rpt",""
HAS_FLOW,"mod59.rpt",""
HAS_FLOW,"mod59_v6.rpt",""
HAS_FLOW,"mod62.rpt",""
HAS_FLOW,"mod62_v6.rpt",""
HAS_FLOW,"mod63.rpt",""
HAS_FLOW,"mod63_v5.3.rpt",""
HAS_FLOW,"mod67.rpt",""
HAS_FLOW,"mod67A.rpt",""
HAS_FLOW,"mod67B.rpt",""
HAS_FLOW,"mod67C.rpt",""
HAS_FLOW,"mod67_v6.rpt",""
HAS_FLOW,"mod68.rpt",""
HAS_FLOW,"mod68a.rpt",""
HAS_FLOW,"mod69.rpt",""
HAS_FLOW,"mod70.rpt",""
HAS_FLOW,"mod71.rpt",""
HAS_FLOW,"mod78.rpt",""
HAS_FLOW,"mod86.rpt",""
HAS_FLOW,"mod87.rpt",""
HAS_FLOW,"mod88.rpt",""
HAS_FLOW,"mod89.rpt",""
HAS_FLOW,"mod89_v5.3.rpt",""
HAS_FLOW,"mod90.rpt",""
HAS_FLOW,"mod90a.rpt",""
HAS_FLOW,"mod91.rpt",""
HAS_FLOW,"mod91a.rpt",""
HAS_FLOW,"mod92.rpt",""
HAS_FLOW,"mod92a.rpt",""
HAS_FLOW,"mod92b.rpt",""
HAS_FLOW,"mod93.rpt",""
HAS_FLOW,"mod94.rpt",""
HAS_FLOW,"mod95.rpt",""
HAS_FLOW,"mod97.rpt",""
HAS_FLOW,"mod97_v19.1.rpt",""
HAS_FLOW,"mod97_v5.3.rpt",""
HAS_FLOW,"modnat.rpt",""
HAS_FLOW,"n87-97.rpt",""
HAS_FLOW,"n87-97_v6.rpt",""
HAS_FLOW,"n87-97a.rpt",""
HAS_FLOW,"n87-97a_v6.rpt",""
HAS_FLOW,"n87-97b.rpt",""
HAS_FLOW,"ncflood.rpt",""
HAS_FLOW,"note1.rpt",""
HAS_FLOW,"note1a.rpt",""
HAS_FLOW,"note2a.rpt",""
HAS_FLOW,"note3a.rpt",""
HAS_FLOW,"orfsmall.rpt",""
HAS_FLOW,"orfsmall_v5.3.rpt",""
HAS_FLOW,"overland_rating_by_depth.rpt",""
HAS_FLOW,"overland_with_inlet_rating.rpt",""
HAS_FLOW,"piper.rpt",""
HAS_FLOW,"pmpwell.rpt",""
HAS_FLOW,"post_bob.rpt",""
HAS_FLOW,"pumpbyq.rpt",""
HAS_FLOW,"ra.rpt",""
HAS_FLOW,"remote_depth_controlled_pump.rpt",""
HAS_FLOW,"remote_depth_controlled_pump_v14.1.rpt",""
HAS_FLOW,"river.rpt",""
HAS_FLOW,"runepa.rpt",""
HAS_FLOW,"runk.rpt",""
HAS_FLOW,"runr.rpt",""
HAS_FLOW,"runs.rpt",""
HAS_FLOW,"runta.rpt",""
HAS_FLOW,"s119_test.rpt",""
HAS_FLOW,"s119_test_v8.51.rpt",""
HAS_FLOW,"saline.rpt",""
HAS_FLOW,"salmon_restoration.rpt",""
HAS_FLOW,"san_antonio_five_pipe_network.rpt",""
HAS_FLOW,"san_antonio_five_pipe_network_cip.rpt",""
HAS_FLOW,"san_antonio_five_pipe_network_new_slip_line.rpt",""
HAS_FLOW,"sansewer.rpt",""
HAS_FLOW,"sbuh1.rpt",""
HAS_FLOW,"settling wave.rpt",""
HAS_FLOW,"shktest.rpt",""
HAS_FLOW,"smallex.rpt",""
HAS_FLOW,"srini.rpt",""
HAS_FLOW,"static_head.rpt",""
HAS_FLOW,"stormwater4a.rpt",""
HAS_FLOW,"stormwater5.rpt",""
HAS_FLOW,"strict1.rpt",""
HAS_FLOW,"t150real.rpt",""
HAS_FLOW,"t1new.rpt",""
HAS_FLOW,"t1old.rpt",""
HAS_FLOW,"test.rpt",""
HAS_FLOW,"test_LARRY.rpt",""
HAS_FLOW,"testext4.rpt",""
HAS_FLOW,"testext5.rpt",""
HAS_FLOW,"testext6.rpt",""
HAS_FLOW,"testnew.rpt",""
HAS_FLOW,"trans_nc.rpt",""
HAS_FLOW,"transq.rpt",""
HAS_FLOW,"troyer.rpt",""
HAS_FLOW,"trqsplit.rpt",""
HAS_FLOW,"tstmgd.rpt",""
HAS_FLOW,"tunnel-1yr.rpt",""
HAS_FLOW,"userdefinedweirs.rpt",""
HAS_FLOW,"varver1.rpt",""
HAS_FLOW,"vis-rr-dr.rpt",""
HAS_FLOW,"vor0919.rpt",""
HAS_FLOW,"w129-prtrunc.rpt",""
HAS_FLOW,"weirtst.rpt",""
HAS_FLOW,"whole_model.rpt",""
ROUTING_OFF,"1D-2D_LeveeBreak_Flood_Initial_m.rpt","Flow Routing = NO in Analysis Options (nothing simulated)"
ROUTING_OFF,"1D-2D_LeveeBreak_Flood_m.rpt","Flow Routing = NO in Analysis Options (nothing simulated)"
ROUTING_OFF,"1D-2D_River_Flood_m.rpt","Flow Routing = NO in Analysis Options (nothing simulated)"
ROUTING_OFF,"A-d-Pa.rpt","Flow Routing = NO in Analysis Options (nothing simulated)"
ROUTING_OFF,"ALT1ROD.rpt","Flow Routing = NO in Analysis Options (nothing simulated)"
ROUTING_OFF,"ARTE.rpt","Flow Routing = NO in Analysis Options (nothing simulated)"
ROUTING_OFF,"B20ARI.rpt","Flow Routing = NO in Analysis Options (nothing simulated)"
ROUTING_OFF,"BASIC.rpt","Flow Routing = NO in Analysis Options (nothing simulated)"
ROUTING_OFF,"BASIC1.rpt","Flow Routing = NO in Analysis Options (nothing simulated)"
ROUTING_OFF,"BASIN6.rpt","Flow Routing = NO in Analysis Options (nothing simulated)"
ROUTING_OFF,"BIGHYD.rpt","Flow Routing = NO in Analysis Options (nothing simulated)"
ROUTING_OFF,"BIGTEST.rpt","Flow Routing = NO in Analysis Options (nothing simulated)"
ROUTING_OFF,"BIGTEST1.rpt","Flow Routing = NO in Analysis Options (nothing simulated)"
ROUTING_OFF,"BMP1.rpt","Flow Routing = NO in Analysis Options (nothing simulated)"
ROUTING_OFF,"BMP11.rpt","Flow Routing = NO in Analysis Options (nothing simulated)"
ROUTING_OFF,"BMP2.rpt","Flow Routing = NO in Analysis Options (nothing simulated)"
ROUTING_OFF,"BMP3.rpt","Flow Routing = NO in Analysis Options (nothing simulated)"
ROUTING_OFF,"BYE.rpt","Flow Routing = NO in Analysis Options (nothing simulated)"
ROUTING_OFF,"CALIB.rpt","Flow Routing = NO in Analysis Options (nothing simulated)"
ROUTING_OFF,"CALWQ.rpt","Flow Routing = NO in Analysis Options (nothing simulated)"
ROUTING_OFF,"CHAR.rpt","Flow Routing = NO in Analysis Options (nothing simulated)"
ROUTING_OFF,"CHARL.rpt","Flow Routing = NO in Analysis Options (nothing simulated)"
ROUTING_OFF,"CHUTE2.rpt","Flow Routing = NO in Analysis Options (nothing simulated)"
ROUTING_OFF,"CONTRUN.rpt","Flow Routing = NO in Analysis Options (nothing simulated)"
ROUTING_OFF,"CVOR.rpt","Flow Routing = NO in Analysis Options (nothing simulated)"
ROUTING_OFF,"D-A-NUT.rpt","Flow Routing = NO in Analysis Options (nothing simulated)"
ROUTING_OFF,"DATA10.rpt","Flow Routing = NO in Analysis Options (nothing simulated)"
ROUTING_OFF,"DCTEST.rpt","Flow Routing = NO in Analysis Options (nothing simulated)"
ROUTING_OFF,"DEMOFILE.rpt","Flow Routing = NO in Analysis Options (nothing simulated)"
ROUTING_OFF,"EMASTER.rpt","Flow Routing = NO in Analysis Options (nothing simulated)"
ROUTING_OFF,"EMCTEST.rpt","Flow Routing = NO in Analysis Options (nothing simulated)"
ROUTING_OFF,"EX1.rpt","Flow Routing = NO in Analysis Options (nothing simulated)"
ROUTING_OFF,"EX2.rpt","Flow Routing = NO in Analysis Options (nothing simulated)"
ROUTING_OFF,"EX3.rpt","Flow Routing = NO in Analysis Options (nothing simulated)"
ROUTING_OFF,"EXTUT19.rpt","Flow Routing = NO in Analysis Options (nothing simulated)"
ROUTING_OFF,"Edmonton_Master.rpt","Flow Routing = NO in Analysis Options (nothing simulated)"
ROUTING_OFF,"FLSRN1.rpt","Flow Routing = NO in Analysis Options (nothing simulated)"
ROUTING_OFF,"FONTS.rpt","Flow Routing = NO in Analysis Options (nothing simulated)"
ROUTING_OFF,"FORBOB.rpt","Flow Routing = NO in Analysis Options (nothing simulated)"
ROUTING_OFF,"FRED-002.rpt","Flow Routing = NO in Analysis Options (nothing simulated)"
ROUTING_OFF,"FRESH.rpt","Flow Routing = NO in Analysis Options (nothing simulated)"
ROUTING_OFF,"GRASS1.rpt","Flow Routing = NO in Analysis Options (nothing simulated)"
ROUTING_OFF,"GRASS1A.rpt","Flow Routing = NO in Analysis Options (nothing simulated)"
ROUTING_OFF,"GRASS2.rpt","Flow Routing = NO in Analysis Options (nothing simulated)"
ROUTING_OFF,"HEL2.rpt","Flow Routing = NO in Analysis Options (nothing simulated)"
ROUTING_OFF,"HPG1.rpt","Flow Routing = NO in Analysis Options (nothing simulated)"
ROUTING_OFF,"HRC.rpt","Flow Routing = NO in Analysis Options (nothing simulated)"
ROUTING_OFF,"Hourly Rainfall.rpt","Flow Routing = NO in Analysis Options (nothing simulated)"
ROUTING_OFF,"ICLOSS.rpt","Flow Routing = NO in Analysis Options (nothing simulated)"
ROUTING_OFF,"ILSAX.rpt","Flow Routing = NO in Analysis Options (nothing simulated)"
ROUTING_OFF,"JOB1.rpt","Flow Routing = NO in Analysis Options (nothing simulated)"
ROUTING_OFF,"JONES1.rpt","Flow Routing = NO in Analysis Options (nothing simulated)"
ROUTING_OFF,"JONESHEN.rpt","Flow Routing = NO in Analysis Options (nothing simulated)"
ROUTING_OFF,"KELLEY.rpt","Flow Routing = NO in Analysis Options (nothing simulated)"
ROUTING_OFF,"LRAIN.rpt","Flow Routing = NO in Analysis Options (nothing simulated)"
ROUTING_OFF,"M15_final.rpt","Flow Routing = NO in Analysis Options (nothing simulated)"
ROUTING_OFF,"M15_final_v16.rpt","Flow Routing = NO in Analysis Options (nothing simulated)"
ROUTING_OFF,"M15_start.rpt","Flow Routing = NO in Analysis Options (nothing simulated)"
ROUTING_OFF,"M18-1D2D Culvert_Start_final.rpt","Flow Routing = NO in Analysis Options (nothing simulated)"
ROUTING_OFF,"M18-1D2D Culvert_complete_final.rpt","Flow Routing = NO in Analysis Options (nothing simulated)"
ROUTING_OFF,"MAIRUN.rpt","Flow Routing = NO in Analysis Options (nothing simulated)"
ROUTING_OFF,"MASTER.rpt","Flow Routing = NO in Analysis Options (nothing simulated)"
ROUTING_OFF,"MMASTER.rpt","Flow Routing = NO in Analysis Options (nothing simulated)"
ROUTING_OFF,"MOD5.rpt","Flow Routing = NO in Analysis Options (nothing simulated)"
ROUTING_OFF,"MOD5_v1.52.rpt","Flow Routing = NO in Analysis Options (nothing simulated)"
ROUTING_OFF,"NEW1.rpt","Flow Routing = NO in Analysis Options (nothing simulated)"
ROUTING_OFF,"NEWERASC.rpt","Flow Routing = NO in Analysis Options (nothing simulated)"
ROUTING_OFF,"NEWFILE.rpt","Flow Routing = NO in Analysis Options (nothing simulated)"
ROUTING_OFF,"NEWRATE.rpt","Flow Routing = NO in Analysis Options (nothing simulated)"
ROUTING_OFF,"ONENODE.rpt","Flow Routing = NO in Analysis Options (nothing simulated)"
ROUTING_OFF,"OTTAWA.rpt","Flow Routing = NO in Analysis Options (nothing simulated)"
ROUTING_OFF,"OTTAWA1.rpt","Flow Routing = NO in Analysis Options (nothing simulated)"
ROUTING_OFF,"OTTAWA2.rpt","Flow Routing = NO in Analysis Options (nothing simulated)"
ROUTING_OFF,"OWASEW.rpt","Flow Routing = NO in Analysis Options (nothing simulated)"
ROUTING_OFF,"OWASOO.rpt","Flow Routing = NO in Analysis Options (nothing simulated)"
ROUTING_OFF,"OWASSS.rpt","Flow Routing = NO in Analysis Options (nothing simulated)"
ROUTING_OFF,"OWATTT.rpt","Flow Routing = NO in Analysis Options (nothing simulated)"
ROUTING_OFF,"PBSF.rpt","Flow Routing = NO in Analysis Options (nothing simulated)"
ROUTING_OFF,"PJSJ11.rpt","Flow Routing = NO in Analysis Options (nothing simulated)"
ROUTING_OFF,"PROSEX1.rpt","Flow Routing = NO in Analysis Options (nothing simulated)"
ROUTING_OFF,"RAFTEST2.rpt","Flow Routing = NO in Analysis Options (nothing simulated)"
ROUTING_OFF,"RAINDATA.rpt","Flow Routing = NO in Analysis Options (nothing simulated)"
ROUTING_OFF,"RAINTEST.rpt","Flow Routing = NO in Analysis Options (nothing simulated)"
ROUTING_OFF,"RATBND.rpt","Flow Routing = NO in Analysis Options (nothing simulated)"
ROUTING_OFF,"REXAM1.rpt","Flow Routing = NO in Analysis Options (nothing simulated)"
ROUTING_OFF,"RITTIMAN.rpt","Flow Routing = NO in Analysis Options (nothing simulated)"
ROUTING_OFF,"RITTIMP.rpt","Flow Routing = NO in Analysis Options (nothing simulated)"
ROUTING_OFF,"RN3.rpt","Flow Routing = NO in Analysis Options (nothing simulated)"
ROUTING_OFF,"RN33.rpt","Flow Routing = NO in Analysis Options (nothing simulated)"
ROUTING_OFF,"RN4.rpt","Flow Routing = NO in Analysis Options (nothing simulated)"
ROUTING_OFF,"RNDATA.rpt","Flow Routing = NO in Analysis Options (nothing simulated)"
ROUTING_OFF,"RNTALL.rpt","Flow Routing = NO in Analysis Options (nothing simulated)"
ROUTING_OFF,"RNW20.rpt","Flow Routing = NO in Analysis Options (nothing simulated)"
ROUTING_OFF,"RUN21.rpt","Flow Routing = NO in Analysis Options (nothing simulated)"
ROUTING_OFF,"RUN24.rpt","Flow Routing = NO in Analysis Options (nothing simulated)"
ROUTING_OFF,"RUN9.rpt","Flow Routing = NO in Analysis Options (nothing simulated)"
ROUTING_OFF,"RUNAS.rpt","Flow Routing = NO in Analysis Options (nothing simulated)"
ROUTING_OFF,"RUN_AES.rpt","Flow Routing = NO in Analysis Options (nothing simulated)"
ROUTING_OFF,"Rational Formula Method.rpt","Flow Routing = NO in Analysis Options (nothing simulated)"
ROUTING_OFF,"RationalFormulawithIDF.rpt","Flow Routing = NO in Analysis Options (nothing simulated)"
ROUTING_OFF,"Rational_method.rpt","Flow Routing = NO in Analysis Options (nothing simulated)"
ROUTING_OFF,"SCS Storms.rpt","Flow Routing = NO in Analysis Options (nothing simulated)"
ROUTING_OFF,"SCSAMER.rpt","Flow Routing = NO in Analysis Options (nothing simulated)"
ROUTING_OFF,"SCSAMER1.rpt","Flow Routing = NO in Analysis Options (nothing simulated)"
ROUTING_OFF,"SCSSF.rpt","Flow Routing = NO in Analysis Options (nothing simulated)"
ROUTING_OFF,"SCSSRF.rpt","Flow Routing = NO in Analysis Options (nothing simulated)"
ROUTING_OFF,"SCSTE1.rpt","Flow Routing = NO in Analysis Options (nothing simulated)"
ROUTING_OFF,"SCSTEST1.rpt","Flow Routing = NO in Analysis Options (nothing simulated)"
ROUTING_OFF,"SEASON1.rpt","Flow Routing = NO in Analysis Options (nothing simulated)"
ROUTING_OFF,"SEGRAIN.rpt","Flow Routing = NO in Analysis Options (nothing simulated)"
ROUTING_OFF,"SENSITIV.rpt","Flow Routing = NO in Analysis Options (nothing simulated)"
ROUTING_OFF,"SNOWJ1.rpt","Flow Routing = NO in Analysis Options (nothing simulated)"
ROUTING_OFF,"SNOWMELT.rpt","Flow Routing = NO in Analysis Options (nothing simulated)"
ROUTING_OFF,"STACK.rpt","Flow Routing = NO in Analysis Options (nothing simulated)"
ROUTING_OFF,"STATS1.rpt","Flow Routing = NO in Analysis Options (nothing simulated)"
ROUTING_OFF,"STATS2.rpt","Flow Routing = NO in Analysis Options (nothing simulated)"
ROUTING_OFF,"STB3.rpt","Flow Routing = NO in Analysis Options (nothing simulated)"
ROUTING_OFF,"STRT.rpt","Flow Routing = NO in Analysis Options (nothing simulated)"
ROUTING_OFF,"STRT1.rpt","Flow Routing = NO in Analysis Options (nothing simulated)"
ROUTING_OFF,"STRT14.rpt","Flow Routing = NO in Analysis Options (nothing simulated)"
ROUTING_OFF,"STRT15.rpt","Flow Routing = NO in Analysis Options (nothing simulated)"
ROUTING_OFF,"STRT16.rpt","Flow Routing = NO in Analysis Options (nothing simulated)"
ROUTING_OFF,"STRT1XP.rpt","Flow Routing = NO in Analysis Options (nothing simulated)"
ROUTING_OFF,"STRT2.rpt","Flow Routing = NO in Analysis Options (nothing simulated)"
ROUTING_OFF,"STRT3.rpt","Flow Routing = NO in Analysis Options (nothing simulated)"
ROUTING_OFF,"STRT4.rpt","Flow Routing = NO in Analysis Options (nothing simulated)"
ROUTING_OFF,"STRT5.rpt","Flow Routing = NO in Analysis Options (nothing simulated)"
ROUTING_OFF,"STRT6.rpt","Flow Routing = NO in Analysis Options (nothing simulated)"
ROUTING_OFF,"STRT7.rpt","Flow Routing = NO in Analysis Options (nothing simulated)"
ROUTING_OFF,"STRT8.rpt","Flow Routing = NO in Analysis Options (nothing simulated)"
ROUTING_OFF,"STRT9.rpt","Flow Routing = NO in Analysis Options (nothing simulated)"
ROUTING_OFF,"SW3.rpt","Flow Routing = NO in Analysis Options (nothing simulated)"
ROUTING_OFF,"SWFWMD.rpt","Flow Routing = NO in Analysis Options (nothing simulated)"
ROUTING_OFF,"SWRUN1.rpt","Flow Routing = NO in Analysis Options (nothing simulated)"
ROUTING_OFF,"Saskatoon_Master.rpt","Flow Routing = NO in Analysis Options (nothing simulated)"
ROUTING_OFF,"T1.rpt","Flow Routing = NO in Analysis Options (nothing simulated)"
ROUTING_OFF,"TANK1.rpt","Flow Routing = NO in Analysis Options (nothing simulated)"
ROUTING_OFF,"TEST1.rpt","Flow Routing = NO in Analysis Options (nothing simulated)"
ROUTING_OFF,"TGAB913.rpt","Flow Routing = NO in Analysis Options (nothing simulated)"
ROUTING_OFF,"TPA.rpt","Flow Routing = NO in Analysis Options (nothing simulated)"
ROUTING_OFF,"TRLOSS.rpt","Flow Routing = NO in Analysis Options (nothing simulated)"
ROUTING_OFF,"W20GR.rpt","Flow Routing = NO in Analysis Options (nothing simulated)"
ROUTING_OFF,"WALKER.rpt","Flow Routing = NO in Analysis Options (nothing simulated)"
ROUTING_OFF,"WANILISTA.rpt","Flow Routing = NO in Analysis Options (nothing simulated)"
ROUTING_OFF,"WARDROP0.rpt","Flow Routing = NO in Analysis Options (nothing simulated)"
ROUTING_OFF,"WARDROP1.rpt","Flow Routing = NO in Analysis Options (nothing simulated)"
ROUTING_OFF,"WESTLAK1.rpt","Flow Routing = NO in Analysis Options (nothing simulated)"
ROUTING_OFF,"WOOLLY.rpt","Flow Routing = NO in Analysis Options (nothing simulated)"
ROUTING_OFF,"WQEXAML1.rpt","Flow Routing = NO in Analysis Options (nothing simulated)"
ROUTING_OFF,"WRCRAN.rpt","Flow Routing = NO in Analysis Options (nothing simulated)"
ROUTING_OFF,"XPRUN1.rpt","Flow Routing = NO in Analysis Options (nothing simulated)"
ROUTING_OFF,"adsxy.rpt","Flow Routing = NO in Analysis Options (nothing simulated)"
ROUTING_OFF,"b11.rpt","Flow Routing = NO in Analysis Options (nothing simulated)"
ROUTING_OFF,"basic1a.rpt","Flow Routing = NO in Analysis Options (nothing simulated)"
ROUTING_OFF,"cityofsurrey_master.rpt","Flow Routing = NO in Analysis Options (nothing simulated)"
ROUTING_OFF,"cypresscrk.rpt","Flow Routing = NO in Analysis Options (nothing simulated)"
ROUTING_OFF,"datHHa.rpt","Flow Routing = NO in Analysis Options (nothing simulated)"
ROUTING_OFF,"data.rpt","Flow Routing = NO in Analysis Options (nothing simulated)"
ROUTING_OFF,"datax.rpt","Flow Routing = NO in Analysis Options (nothing simulated)"
ROUTING_OFF,"dbmp.rpt","Flow Routing = NO in Analysis Options (nothing simulated)"
ROUTING_OFF,"drunoff.rpt","Flow Routing = NO in Analysis Options (nothing simulated)"
ROUTING_OFF,"evaptest.rpt","Flow Routing = NO in Analysis Options (nothing simulated)"
ROUTING_OFF,"geopak_master.rpt","Flow Routing = NO in Analysis Options (nothing simulated)"
ROUTING_OFF,"glen4.rpt","Flow Routing = NO in Analysis Options (nothing simulated)"
ROUTING_OFF,"gui.rpt","Flow Routing = NO in Analysis Options (nothing simulated)"
ROUTING_OFF,"huff.rpt","Flow Routing = NO in Analysis Options (nothing simulated)"
ROUTING_OFF,"longrun.rpt","Flow Routing = NO in Analysis Options (nothing simulated)"
ROUTING_OFF,"mchenrn.rpt","Flow Routing = NO in Analysis Options (nothing simulated)"
ROUTING_OFF,"mod15.rpt","Flow Routing = NO in Analysis Options (nothing simulated)"
ROUTING_OFF,"mod153.rpt","Flow Routing = NO in Analysis Options (nothing simulated)"
ROUTING_OFF,"mod15a.rpt","Flow Routing = NO in Analysis Options (nothing simulated)"
ROUTING_OFF,"mydata.rpt","Flow Routing = NO in Analysis Options (nothing simulated)"
ROUTING_OFF,"ponds.rpt","Flow Routing = NO in Analysis Options (nothing simulated)"
ROUTING_OFF,"rainminn.rpt","Flow Routing = NO in Analysis Options (nothing simulated)"
ROUTING_OFF,"rnlms.rpt","Flow Routing = NO in Analysis Options (nothing simulated)"
ROUTING_OFF,"roralsun.rpt","Flow Routing = NO in Analysis Options (nothing simulated)"
ROUTING_OFF,"runofftest.rpt","Flow Routing = NO in Analysis Options (nothing simulated)"
ROUTING_OFF,"shntb.rpt","Flow Routing = NO in Analysis Options (nothing simulated)"
ROUTING_OFF,"tank rupture.rpt","Flow Routing = NO in Analysis Options (nothing simulated)"
ROUTING_OFF,"temp.rpt","Flow Routing = NO in Analysis Options (nothing simulated)"
ROUTING_OFF,"tipping.rpt","Flow Routing = NO in Analysis Options (nothing simulated)"
ROUTING_OFF,"ursrain.rpt","Flow Routing = NO in Analysis Options (nothing simulated)"
ROUTING_OFF,"y2k10.rpt","Flow Routing = NO in Analysis Options (nothing simulated)"
ROUTING_OFF,"y2krain.rpt","Flow Routing = NO in Analysis Options (nothing simulated)"
